laua,laua_name,Median download speed (Mbit/s),Average download speed (Mbit/s),Maximum download speed (Mbit/s),Average download speed (Mbit/s) for lines < 10Mbit/s,Average download speed (Mbit/s) for lines 10<30Mbit/s,Average download speed (Mbit/s) for lines 30<300Mbit/s,Average download speed (Mbit/s) for SFBB lines,Average download speed (Mbit/s) for UFBB lines,Median upload speed (Mbit/s),Average upload speed (Mbit/s),Maximum upload speed (Mbit/s),Average upload speed (Mbit/s) for lines < 10Mbit/s,Average upload speed (Mbit/s) for lines 10<30Mbit/s,Average upload speed (Mbit/s) for lines 30<300Mbit/s,Average upload speed (Mbit/s) for SFBB lines,Average upload speed (Mbit/s) for UFBB lines,Number of connections < 2Mbit/s (number of lines),Number of connections 2<5 Mbit/s (number of lines),Number of connections 5<10 Mbit/s (number of lines),Number of connections 10<30 Mbit/s (number of lines),Number of connections 30<300 Mbit/s (number of lines),Number of connections >=300 Mbit/s (number of lines),Number of connections >=30 Mbit/s (number of lines),Average data usage (GB),Median data usage (GB),Average data usage (GB) for lines <10Mbits,Average data usage (GB) for lines 10<30Mbit/s,Average data usage (GB) for lines 30<300Mbit/s,Average data usage (GB) for SFBB lines,Average data usage (GB) for UFBB lines
S12000033,ABERDEEN CITY,40,48.1,1000,6.2,18.1,56.1,65.2,546,10,16.8,900,1,2.5,15.5,24.4,490.3,457,2078,5437,21720,56249,1071,57320,0.4,0.2,0.1,0.3,0.5,0.5,0.7
S12000034,ABERDEENSHIRE,38,39.1,1000,5.3,19.3,55,56.1,370.7,8.1,8.8,115,0.9,2.7,13.3,13.4,53.2,1929,5047,7703,23761,56467,201,56668,0.4,0.2,0.2,0.3,0.5,0.5,0.9
E07000223,ADUR,69.2,90.7,484,6.6,18.6,96.1,113.4,382.8,10,12,50,1,2.4,13.8,15,34.4,66,281,948,4179,17048,1092,18140,0.4,0.2,0.1,0.2,0.4,0.4,0.6
E07000026,ALLERDALE,39.9,41.9,1000,5,18.8,55.5,56,373.3,10,9.8,115,0.9,2.3,13.8,13.9,49.4,655,1332,1794,8474,23772,36,23808,0.4,0.2,0.1,0.3,0.4,0.4,0.9
E07000032,AMBER VALLEY,39.9,49.7,1000,5.8,18.9,62.4,68.1,393.3,10,10.1,115,0.9,2.8,13.8,14.2,36.9,370,1598,3163,10435,29214,511,29725,0.4,0.2,0.1,0.2,0.4,0.4,0.6
S12000041,ANGUS,39.1,46.4,1000,5.4,18.9,62.3,67,378.7,9.5,9.2,115,0.9,2.5,13.5,13.8,36,802,1792,3230,11425,26375,398,26773,0.4,0.2,0.1,0.3,0.5,0.5,0.5
N09000001,ANTRIM AND NEWTOWNABBEY,54.8,71.1,1000,5.2,18.6,79.2,91.8,389.6,10,11.6,220,0.9,2.4,14.2,15.1,37,750,2015,2785,7807,35896,1510,37406,0.4,0.2,0.1,0.3,0.5,0.5,0.6
N09000011,ARDS AND NORTH DOWN,54.8,67.4,1000,5.4,18.9,73.2,84.3,388.4,10,12,220,0.9,2.5,14.3,15.1,36.7,548,1847,2951,9018,44128,1601,45729,0.4,0.2,0.1,0.2,0.5,0.5,0.6
S12000035,ARGYLL AND BUTE,37.8,37.7,1000,5.2,19.5,55.1,55.5,376.2,8,8.6,115,0.7,2.7,13.2,13.2,53.8,1097,1848,3447,9692,21492,29,21521,0.4,0.2,0.1,0.2,0.4,0.4,0.9
N09000002,"ARMAGH CITY, BANBRIDGE AND CRAIGAVON",40,53.1,1000,5.1,18.6,65,71.1,406,10,10.6,2769.51,0.9,2.4,14.2,14.6,39.3,1254,3026,4163,13247,46890,855,47745,0.4,0.2,0.2,0.3,0.5,0.5,0.6
E07000224,ARUN,39.8,42.7,1000,6.1,19,53.9,57.2,359.4,9.9,10.8,180,1,3,13.7,15.1,144.4,366,1753,4216,13877,38218,427,38645,0.4,0.2,0.1,0.3,0.5,0.5,0.5
E07000170,ASHFIELD,74,91.3,1000,5.7,18.6,95.5,110.9,380.7,10,12.1,115,0.9,2.7,13.5,14.6,34.5,275,1081,2058,5700,34065,1949,36014,0.4,0.2,0.1,0.3,0.5,0.5,0.6
E07000105,ASHFORD,50,67.2,1000,5,19.4,74.1,86.8,375.4,10,12.2,180,0.9,3.1,13.9,15.8,58.8,758,1973,2447,6890,31776,1409,33185,0.4,0.2,0.2,0.4,0.5,0.5,0.6
E07000200,BABERGH,39.8,46.1,1000,5.4,19.8,56.9,60.9,361.7,9.8,10.5,180,0.9,3.1,13.3,14.4,97.3,458,1054,1845,7641,22442,298,22740,0.4,0.2,0.2,0.3,0.4,0.4,0.5
E09000002,BARKING AND DAGENHAM,70.8,86.9,1000,5.7,17.9,90.9,104.8,371.3,10,12.5,125.64,0.9,2.7,13.9,15,35.5,427,1776,3520,6195,47376,2455,49831,0.6,0.4,0.2,0.3,0.6,0.6,0.7
E09000003,BARNET,54.1,65.8,1000,6.3,18.1,73,82.4,376.5,10,12.1,115,1,2.7,14.7,15.3,35.3,524,2385,7072,19886,90059,2892,92951,0.4,0.4,0.1,0.3,0.6,0.6,0.6
E08000016,BARNSLEY,47.3,67.3,2480.86,5.5,18.9,75.6,86.6,393,10,11.1,165,0.9,2.9,13.5,14.3,35,717,2889,4735,14338,60748,2163,62911,0.4,0.2,0.1,0.3,0.5,0.5,0.6
E07000027,BARROW-IN-FURNESS,40,44.1,1000,5.5,18.8,54.9,55.2,363.5,10,11,115,0.9,2.4,14.4,14.4,53.3,183,754,1167,4766,18176,20,18196,0.4,0.2,0.2,0.3,0.4,0.4,1.1
E07000066,BASILDON,54.8,79.8,1000,6.1,18.3,84.6,102.2,381.1,10,11.7,115,1,2.7,13.7,15,34.6,345,1551,3762,11387,46951,2962,49913,0.6,0.4,0.2,0.5,0.6,0.6,0.7
E07000084,BASINGSTOKE AND DEANE,54.8,72.3,1124,5.2,19.3,73.9,88.1,403.3,10,13.2,300,0.9,2.9,14.1,16.2,62.3,582,2127,2609,8671,49454,2228,51682,0.4,0.2,0.2,0.3,0.4,0.5,0.6
E07000171,BASSETLAW,39.9,50,1000,5.2,19.5,60.2,66,379.2,10,10.4,220,1,3.2,13.6,14,37.6,571,1475,2195,8755,28166,514,28680,0.4,0.2,0.1,0.3,0.5,0.5,0.7
E06000022,BATH AND NORTH EAST SOMERSET,43.8,65.5,2480.86,5.7,18.5,76.1,88.9,373.5,10,11.7,300,0.9,2.3,13.9,16.1,66.4,588,2132,3925,13854,42872,1914,44786,0.4,0.2,0.1,0.2,0.4,0.4,0.6
E06000055,BEDFORD,70.2,89.6,1000,5.3,19.4,87.1,107.7,371.9,10,16,180,0.9,2.8,13.9,19.3,89.7,482,1539,2183,8071,47165,3667,50832,0.4,0.2,0.1,0.3,0.5,0.5,0.6
N09000003,BELFAST,78.1,94.1,1000,6.1,17.7,96.9,112,375.9,10,12.7,220,1,1.9,14,15.2,35.7,554,2083,5159,15144,97165,5557,102722,0.4,0.2,0.1,0.2,0.5,0.5,0.6
E09000004,BEXLEY,55,78,1000,5.8,18,83.8,100.8,381.6,10,11.8,165,0.9,2.5,14.1,15.3,34.9,559,2656,5221,13275,58208,3523,61731,0.4,0.4,0.1,0.3,0.5,0.5,0.6
E08000025,BIRMINGHAM,73.7,91.2,1124,6.1,17.3,98.6,117.9,391.4,10,12.3,220,0.9,1.9,13.4,16,52.1,1995,9315,23267,50694,233639,16485,250124,0.4,0.2,0.2,0.3,0.5,0.5,0.5
E07000129,BLABY,54.8,76.7,1000,5.6,19.6,81.8,94.7,381.5,10,12,115,1,3.2,13.9,14.8,34.7,231,1052,1819,5155,27354,1231,28585,0.4,0.2,0.2,0.3,0.5,0.5,0.6
E06000008,BLACKBURN WITH DARWEN,60.7,75.8,1000,6.1,18.1,81.5,93.3,386.3,10,11.7,115,0.9,2.6,13.6,14.4,35.1,243,1168,2837,5999,35280,1425,36705,0.6,0.4,0.1,0.3,0.6,0.6,0.7
E06000009,BLACKPOOL,58.6,79.1,484,6.2,18,83.6,99.5,387.4,10,11.9,50,1,2,14,15.1,34.3,224,814,2285,8925,36597,2013,38610,0.6,0.2,0.2,0.4,0.5,0.5,0.6
W06000019,BLAENAU GWENT,39.1,39.6,1000,5.8,19.1,53.2,53.6,408.8,9.8,9.4,115,1,2.4,13.7,13.7,56.5,182,788,1421,6120,14817,17,14834,0.6,0.2,0.1,0.3,0.7,0.7,0.8
E07000033,BOLSOVER,40,56.2,1000,5.8,18.7,68.2,76.1,390.9,10,10.2,115,1,2.6,13.5,14.1,37,212,771,1570,6509,18310,459,18769,0.4,0.2,0.1,0.3,0.6,0.6,0.6
E08000001,BOLTON,68.6,84.9,1124,5.8,18.1,89.8,104.9,415,10,11.8,115,0.9,2.5,13.6,14.6,35.2,496,2570,4960,13378,73053,3557,76610,0.4,0.2,0.1,0.3,0.5,0.5,0.6
E07000136,BOSTON,39.9,42.1,1000,5.4,19.2,55.2,56.2,374.7,10,10.1,115,1,3.2,13.8,14,53.9,300,1062,1628,4587,15129,45,15174,0.4,0.2,0.2,0.3,0.4,0.4,0.8
E06000058,"BOURNEMOUTH, CHRISTCHURCH AND POOLE",59.6,83.2,2363.9,5.9,18.5,87.2,103.9,388.4,10,13.3,900,1,2.6,14,16.7,61.6,670,3362,6718,23050,105939,6220,112159,0.4,0.2,0.2,0.3,0.4,0.4,0.6
E06000036,BRACKNELL FOREST,55.9,79.2,1124,5.2,19.4,80.9,95.5,400.8,10,12.6,180,0.9,3.3,13.9,15.2,42.9,353,1456,1863,5013,33591,1605,35196,0.6,0.4,0.1,0.4,0.5,0.5,0.7
E08000032,BRADFORD,54.8,74.8,1000,6.1,18.3,86.8,99.1,375.5,10,10.7,3654.81,1,2.3,13.4,14.3,34.6,941,4207,10426,32038,113581,5071,118652,0.4,0.2,0.1,0.3,0.5,0.5,0.7
E07000067,BRAINTREE,39.9,44.8,1000,5.4,18.8,56.8,60.4,368,10,11.8,1000,0.9,2.5,14.1,16.8,242.1,754,1815,3131,12649,35075,416,35491,0.4,0.2,0.2,0.4,0.6,0.6,0.5
E07000143,BRECKLAND,39.1,41.3,1000,5.4,19.3,55.4,56.4,358.8,9.6,9.5,115,0.9,2.9,13.5,13.6,52,654,1834,3019,12341,31169,100,31269,0.4,0.2,0.1,0.3,0.5,0.5,0.8
E09000005,BRENT,58.3,71,1000,6.1,17.6,79.4,89.4,367.3,10,12.3,180,1,2.2,14.5,15.6,45.7,532,2028,5270,14719,67992,2445,70437,0.6,0.4,0.2,0.3,0.6,0.6,0.6
E07000068,BRENTWOOD,40,44.7,1000,5.6,19,56.7,57.5,413,10,10.6,200,1,3.2,14,14.1,55.8,275,886,1623,5811,20144,43,20187,0.4,0.4,0.1,0.3,0.6,0.6,1.1
W06000013,BRIDGEND,40,49.7,1000,5.7,18.9,60.7,64.3,421,10,10.6,165,0.9,2.8,13.8,14.1,41.3,430,1725,3365,8941,35106,357,35463,0.6,0.2,0.1,0.3,0.6,0.6,0.7
E06000043,BRIGHTON AND HOVE,76,93.5,2480.86,6.1,17.7,96.2,111.9,368.7,10,12.9,50.01,1,2.2,14.3,15.4,34.5,426,1727,4455,12757,79594,4851,84445,0.4,0.2,0.1,0.2,0.4,0.4,0.6
E06000023,"BRISTOL, CITY OF",79.7,95.3,10000,6.5,17.5,103.1,120.9,377.9,10,11.7,220,1,1.7,13.5,15,36.7,556,2392,8481,26456,112519,7782,120301,0.4,0.2,0.2,0.3,0.4,0.4,0.6
E07000144,BROADLAND,41.8,60.5,1000,5.3,19.4,69.2,79.1,382.5,10,11.3,180,1,3.2,13.6,14.9,54.2,548,1897,2688,8828,33501,1093,34594,0.4,0.2,0.1,0.3,0.4,0.4,0.6
E09000006,BROMLEY,64.4,87.2,1000,6.2,18.3,91.5,109.9,380,10,12,115,1,2.6,13.8,15.1,34.4,500,2229,5785,20121,85548,5829,91377,0.4,0.2,0.2,0.3,0.4,0.4,0.3
E07000234,BROMSGROVE,44,60.8,1124,5.5,18.8,68.3,78.8,382,10,12.8,1000,1,3.4,14.1,16.7,93.9,384,1243,2161,5826,24443,846,25289,0.4,0.2,0.1,0.3,0.5,0.5,0.4
E07000095,BROXBOURNE,76.1,95.6,484,5.3,18.9,92.5,112.6,381,10,13.7,180,0.9,3.1,14.2,16,40.6,251,1018,1422,3213,26877,2010,28887,0.4,0.4,0.1,0.3,0.5,0.5,0.6
E07000172,BROXTOWE,76.4,94.4,1000,5.7,19.1,97.6,113.8,375.9,10,12.2,115,0.9,3.1,13.3,14.6,34.4,223,1039,1940,4805,31285,1932,33217,0.4,0.2,0.1,0.3,0.4,0.4,0.6
E06000060,BUCKINGHAMSHIRE,47.6,66,1124,5.6,19.3,69.7,85.7,368.6,10,15.9,1000,1,3,14.5,21.1,138.7,1700,5926,10724,35413,132579,7489,140068,0.4,0.2,0.2,0.3,0.5,0.5,0.6
E07000117,BURNLEY,69.5,82.8,1124,5.8,18.3,86.5,100.2,408.9,10,11.9,115,0.9,2.6,13.4,14.4,35.3,222,800,1654,3665,24363,1084,25447,0.4,0.2,0.1,0.3,0.5,0.5,0.6
E08000002,BURY,46.4,64.8,1124,6.2,18.6,72.8,83.3,415.2,10,11.3,115,1,3,13.9,14.6,36,349,1568,4301,11874,47887,1526,49413,0.4,0.2,0.1,0.3,0.5,0.6,0.6
W06000018,CAERPHILLY,40,46.1,1000,5.5,19.1,57.4,59.2,390.1,10,10.6,115,0.9,2.9,13.9,14.1,39.7,607,2276,3620,11211,43021,234,43255,0.6,0.4,0.1,0.3,0.7,0.7,0.7
E08000033,CALDERDALE,40,59.1,1000,5.8,18.6,71.8,80.9,388.2,10,10.3,115,0.9,2.7,13.6,14.2,35.1,607,2490,5072,15527,47308,1398,48706,0.4,0.2,0.1,0.3,0.5,0.5,0.6
E07000008,CAMBRIDGE,79.8,99.9,1000,5.9,17.5,98,115.8,376.6,10,16.6,900,0.9,2.2,13.9,19.3,98.8,181,728,1635,4369,35279,2410,37689,0.4,0.2,0.2,0.3,0.4,0.4,0.6
E09000007,CAMDEN,74,84.9,1000,6.7,17.4,92.4,110,363.5,10,13.7,180,1,1.4,14.4,18.2,72.4,249,707,3033,17007,54329,3785,58114,0.4,0.2,0.1,0.2,0.4,0.4,0.4
E07000192,CANNOCK CHASE,40,54.8,1124,6.3,18.4,64.9,70.1,383.4,10,10.8,50,1,3.1,13.7,14.1,35.1,179,812,2552,6195,25431,421,25852,0.4,0.2,0.2,0.3,0.5,0.5,0.7
E07000106,CANTERBURY,39.1,39.6,1000,5.7,19,53.1,53.7,418.6,9.8,9.5,180,1,3.1,13.5,13.5,61.4,463,1965,3530,12659,32566,51,32617,0.4,0.2,0.2,0.4,0.5,0.5,0.8
W06000015,CARDIFF,74.3,89,1000,5.6,18,90.7,105.2,374.1,10,12.8,220,0.9,2.6,14,15.1,35.5,727,3167,5619,11430,94351,5071,99422,0.4,0.2,0.1,0.3,0.5,0.5,0.6
E07000028,CARLISLE,49,58.1,1000,5.1,18.8,67.5,74.3,387.6,10,11.6,1000,0.9,2.8,14.4,15,41.8,658,2064,2597,5029,29097,632,29729,0.4,0.2,0.2,0.3,0.5,0.5,0.7
W06000010,CARMARTHENSHIRE,39.8,44.4,2480.86,4.8,18.4,59.2,62.3,424.6,9.8,9.7,115,0.9,2.5,13.8,14.1,43.9,1669,3946,4522,13106,41233,358,41591,0.4,0.2,0.1,0.3,0.4,0.4,0.7
E07000069,CASTLE POINT,42.4,65.4,1000,6.4,18.7,72.1,84.5,383.3,10,11.2,115,1,3.1,13.6,14.5,34.7,145,657,2153,5820,22364,928,23292,0.4,0.2,0.2,0.4,0.5,0.5,0.6
N09000004,CAUSEWAY COAST AND GLENS,40,47.8,1000,5.2,18.6,61.6,63.9,372.9,10,10.2,115,0.9,2.4,13.9,14.1,41.6,810,1842,2763,9987,32373,239,32612,0.4,0.2,0.2,0.3,0.5,0.5,0.8
E06000056,CENTRAL BEDFORDSHIRE,55,79.3,1000,5.6,19,82.6,100.1,377.7,10,13.8,1000,1,2.6,14,17.6,73.5,685,2376,4174,18625,74702,4719,79421,0.4,0.2,0.1,0.3,0.5,0.5,0.6
W06000008,CEREDIGION,38,41.4,1000,4.6,18.7,61,65.2,382.1,8,8.8,165,0.8,2.2,14.1,14.6,51.8,1073,2315,2386,5337,13883,183,14066,0.4,0.2,0.1,0.2,0.4,0.4,0.8
E07000130,CHARNWOOD,61.9,81.7,1000,5.7,19.2,86.9,100.9,375.1,10,11.9,115,1,2.7,13.6,14.7,35.1,352,1311,2626,9699,46263,2363,48626,0.4,0.2,0.2,0.4,0.4,0.5,0.6
E07000070,CHELMSFORD,50,66.6,1000,5.7,19,74.1,85,377.1,10,11.7,180,0.9,3,13.9,15,46.1,569,1956,3734,10736,46641,1746,48387,0.4,0.4,0.2,0.4,0.5,0.5,0.6
E07000078,CHELTENHAM,70.8,87.1,550,5.3,18.8,88.3,103.4,371.7,10,13.4,500,0.9,3.1,14,15.9,49.3,335,1374,1904,4571,35096,1981,37077,0.4,0.2,0.1,0.2,0.4,0.4,0.6
E07000177,CHERWELL,52.2,66.6,1000,5.6,19.1,67.7,81.8,374.2,10,17.1,1219.49,0.9,3,15.1,21.4,153,388,1367,2484,8467,41354,1993,43347,0.4,0.4,0.2,0.3,0.5,0.5,0.6
E06000049,CHESHIRE EAST,40,58.6,1124,5.6,18.7,68.5,76.9,396.6,10,11.1,220,0.9,2.9,14,14.7,42.2,1454,4741,8895,27514,100464,2643,103107,0.4,0.2,0.1,0.3,0.4,0.4,0.6
E06000050,CHESHIRE WEST AND CHESTER,40,53.8,2363.9,5.6,19.2,64.1,71,391.4,10,10.7,220,1,2.9,13.8,14.4,39.4,1128,4175,7558,26547,87526,1867,89393,0.4,0.2,0.1,0.3,0.5,0.5,0.7
E07000034,CHESTERFIELD,40,56.1,1000,5.7,19.5,66,73.1,390.4,10,10.5,115,0.9,3.4,13.3,13.8,35,308,1428,2681,6406,26255,588,26843,0.4,0.2,0.1,0.3,0.5,0.5,0.6
E07000225,CHICHESTER,39.8,45.7,1000,5.6,19.1,58,62.3,376.5,9.8,9.9,115,1,3,13.6,14,42.2,582,1616,2893,11213,29897,406,30303,0.4,0.2,0.1,0.3,0.4,0.4,0.7
E07000118,CHORLEY,50.7,68,1000,5.4,19.3,76.2,86,379.5,10,11.3,115,0.9,2.7,13.6,14.3,36.4,361,1142,1854,7141,29995,1007,31002,0.4,0.2,0.2,0.3,0.5,0.5,0.6
S12000036,CITY OF EDINBURGH,77.9,92,4000,6.4,17.8,98.5,114.3,379.8,10,12.1,900,1,1.8,13.8,15.1,36.7,669,2542,8071,34040,147920,8842,156762,0.4,0.2,0.1,0.2,0.4,0.4,0.6
E09000001,CITY OF LONDON,19.3,31.6,550,6.5,17.7,67.3,75.4,342.7,1.2,5.4,75,0.8,1.1,15.7,16.6,46.7,84,196,826,3261,1619,49,1668,0.2,0,0,0.1,0.3,0.3,0.6
S12000005,CLACKMANNANSHIRE,39.9,42.4,1000,5.5,19.1,54.9,55.3,393.4,10,10.1,115,1,2.8,13.8,13.9,55.6,178,657,1051,4380,13335,17,13352,0.6,0.2,0.1,0.3,0.6,0.6,0.9
E07000071,COLCHESTER,52.5,75,1000,5.2,19.2,79.2,97.1,371.5,10,14.1,180,0.9,2.6,13.7,18.4,90.7,797,2333,3194,11662,46427,3029,49456,0.4,0.2,0.2,0.4,0.5,0.5,0.6
W06000003,CONWY,40,43.7,1000,5.2,18.4,57.8,58.7,411.1,10,10.2,115,0.9,2.4,14.2,14.3,55.9,700,1888,2693,8423,27781,66,27847,0.4,0.2,0.1,0.2,0.5,0.5,1
E07000029,COPELAND,40,45.9,1000,5.4,19.3,57.4,60.1,362.1,10,11.3,180,0.9,2.7,14.1,15.5,171.5,324,950,1596,5171,17687,163,17850,0.4,0.2,0.2,0.3,0.4,0.4,0.4
E07000150,CORBY,70.3,104.4,1000,5.9,18,83.9,126.3,361.4,10,28,1000,0.9,2.5,13.8,34.3,148.1,153,462,999,3385,17537,3161,20698,0.6,0.4,0.1,0.3,0.6,0.6,0.5
E06000052,CORNWALL,39.1,45.5,2480.86,5.6,18.4,63,69,365.4,8.5,9.5,220,0.9,2,14.5,15.4,56,3128,9401,16638,62174,118836,2409,121245,0.4,0.2,0.2,0.3,0.4,0.4,0.8
E07000079,COTSWOLD,39.8,62.5,1000,5.4,18.4,59,94,385.1,9.8,36.3,1000,0.9,2.2,21.1,58.5,368.9,613,1797,2884,9559,20568,2473,23041,0.4,0.2,0.1,0.2,0.4,0.4,0.5
E06000047,COUNTY DURHAM,39.9,45.4,1000,5.6,19,56.9,59.6,392.9,10,10.3,180,0.9,2.8,13.6,14,64,1832,6217,10778,39268,124892,1017,125909,0.4,0.2,0.1,0.3,0.5,0.5,0.6
E08000026,COVENTRY,58,84.3,1124,6.1,17.7,89.1,109.9,410.7,10,15.4,900,0.9,2.2,15,20.3,96.7,578,3115,7413,17869,75168,5203,80371,0.4,0.4,0.2,0.3,0.5,0.5,0.7
E07000163,CRAVEN,39.3,80.7,1000,5.3,19.3,55,119.4,972.7,9.8,50.9,1000,0.9,2.4,13.7,80,958,303,644,1078,6042,12544,948,13492,0.4,0.2,0.1,0.2,0.4,0.4,0.3
E07000226,CRAWLEY,77.9,100.8,1000,5.7,18.3,92.5,114.9,371.9,10,16.4,180,0.9,3.2,13.8,18.7,74.5,225,842,1570,2796,31346,2733,34079,0.6,0.4,0.1,0.3,0.5,0.5,0.6
E09000008,CROYDON,58.2,81.4,1000,6.4,17.6,90.5,108,373,10,11.7,180,1,2.1,13.9,15.7,43.3,561,2326,7615,26009,86568,5695,92263,0.4,0.4,0.2,0.3,0.5,0.5,0.6
E07000096,DACORUM,63.5,82.2,1000,5.5,19.1,87.3,102.8,381,10,12.1,115,0.9,2.8,13.9,15.1,35.6,393,1545,2594,8534,40699,2272,42971,0.4,0.2,0.2,0.3,0.5,0.5,0.6
E06000005,DARLINGTON,78.1,94.1,1000,5.1,17.8,100.4,117.4,379.3,10,11.8,115,0.8,2,13.4,14.7,34.6,511,1665,2233,4269,28885,1878,30763,0.4,0.2,0.1,0.2,0.4,0.4,0.6
E07000107,DARTFORD,53.4,78.8,1000,5.8,18.4,73.3,100.1,367.1,10,19.1,180,1,3,14.4,24.7,127,322,1103,2277,6155,27421,2761,30182,0.6,0.4,0.1,0.3,0.6,0.6,0.5
E07000151,DAVENTRY,40,57.4,1000,5.5,19.4,62.1,76.3,366.4,10,20.5,1000,0.9,2.7,16.3,28.7,280,326,1069,1874,6480,20882,1027,21909,0.4,0.2,0.1,0.3,0.5,0.5,0.6
W06000004,DENBIGHSHIRE,39.8,42.1,1000,5.3,18.5,57,58.3,406.3,10,9.8,165,0.9,2.3,14.1,14.3,54,546,1467,2472,7850,21450,84,21534,0.4,0.2,0.1,0.3,0.6,0.6,0.8
E06000015,DERBY,75.9,90.6,1000,6,17.8,94.2,110.1,380,10,12.1,115,1,2.4,13.6,14.7,34.4,426,1612,3885,11675,65269,3864,69133,0.4,0.2,0.1,0.2,0.5,0.5,0.6
E07000035,DERBYSHIRE DALES,39.1,40.8,1000,5.3,19.1,56.6,58.3,370.1,8.9,9.2,115,0.9,2.6,13.7,13.9,52.4,434,1185,1867,6928,15577,89,15666,0.4,0.2,0.1,0.2,0.4,0.4,0.6
N09000005,DERRY CITY AND STRABANE,54.8,69.2,1000,5.2,18.6,78.2,87.6,378.5,10,11.3,220,0.9,2.3,13.7,14.4,36.1,663,1516,2484,7473,35667,1157,36824,0.4,0.4,0.2,0.3,0.5,0.6,0.7
E08000017,DONCASTER,40,61.1,2480.86,5.8,19.1,71.4,82,384.8,10,10.4,180,1,2.8,13.3,14.1,37.4,798,2840,5960,23437,70003,2445,72448,0.4,0.2,0.1,0.3,0.5,0.5,0.7
E06000059,DORSET,39.1,41.8,1422.72,5.6,19,56,57.5,388.6,9.8,9.6,423.46,1,2.8,13.7,13.8,47.5,1647,4929,8944,36280,87796,402,88198,0.4,0.2,0.1,0.3,0.4,0.4,0.7
E07000108,DOVER,39.9,58.4,550,5.7,18.9,64.9,80.1,369.2,10,13.1,180,1,2.8,13.3,18.5,116.6,405,1392,2642,9007,25895,1356,27251,0.4,0.2,0.2,0.4,0.5,0.5,0.5
E08000027,DUDLEY,72.9,91.1,1124,6.1,18,94.9,113,399.8,10,11.9,115,1,2.8,13.4,14.7,34.8,530,2643,6848,14027,80519,5085,85604,0.4,0.2,0.1,0.3,0.5,0.5,0.6
S12000006,DUMFRIES AND GALLOWAY,38,38.8,1000,5.1,19.5,54.7,55.6,377.1,7.8,8.7,115,0.8,2.7,13.2,13.3,54.2,1247,2817,4028,14914,33235,90,33325,0.4,0.2,0.1,0.3,0.5,0.5,0.8
S12000042,DUNDEE CITY,76.3,94.1,1000,6.4,18.2,97.6,115.2,379.4,10,12.3,115,1,2,13.8,15.1,34.5,179,735,2427,8870,42765,2855,45620,0.4,0.2,0.1,0.2,0.4,0.4,0.4
E09000009,EALING,65.4,75.4,1000,6.2,17.3,81.4,92.4,369,10,12.8,180,1,2.4,14.7,15.8,44.5,514,2311,6532,13948,81957,3280,85237,0.4,0.4,0.2,0.3,0.5,0.5,0.5
S12000008,EAST AYRSHIRE,40,56.4,1000,5,19.2,65.6,74.3,387.4,10,10.4,220,0.9,2.7,13.3,14,36,611,1870,2278,8577,30529,848,31377,0.4,0.2,0.1,0.3,0.6,0.6,0.7
E07000009,EAST CAMBRIDGESHIRE,42.9,57.6,1000,5.7,19.5,67.2,74.3,377.5,10,11.6,180,1,2.9,13.9,15.3,76.8,280,656,1428,6584,21916,512,22428,0.4,0.2,0.2,0.3,0.5,0.5,0.6
E07000040,EAST DEVON,39.1,49.3,1000,5.2,19.1,56.1,71.5,362.1,9,14,1000,0.9,2.6,13.5,21.6,175.1,866,2785,3798,13546,31521,1665,33186,0.4,0.2,0.1,0.3,0.4,0.4,0.5
S12000045,EAST DUNBARTONSHIRE,73.2,93.4,1000,6,18,99.5,120.3,388,10,11.8,115,0.9,2.2,13.7,15.2,34.8,228,923,2098,7180,28548,2212,30760,0.4,0.2,0.1,0.2,0.4,0.4,0.5
E07000085,EAST HAMPSHIRE,40,59.2,1000,5.9,18.7,70.4,79.5,374.3,10,11,180,1,2.6,13.8,15,54.1,372,1116,2364,10596,30309,935,31244,0.4,0.2,0.1,0.3,0.5,0.5,0.6
E07000242,EAST HERTFORDSHIRE,55,79.2,1000,5.7,18.9,84.8,102.3,374.3,10,13.9,1000,1,2.5,14.5,18.1,74.5,445,1332,2539,10353,38322,2470,40792,0.4,0.2,0.1,0.3,0.5,0.5,0.6
E07000137,EAST LINDSEY,39.9,46.2,1000,5.1,18.8,61,63.7,380,10,9.8,115,0.9,2.5,13.9,14.1,37.8,930,2143,3146,11893,32721,280,33001,0.4,0.2,0.1,0.2,0.4,0.4,0.6
S12000010,EAST LOTHIAN,39.1,44.4,1124,6,18.5,56.7,62.4,405.2,9.7,10,180,1,2.5,13.7,14.8,82.2,324,1127,2602,10975,24160,398,24558,0.4,0.2,0.1,0.3,0.6,0.6,0.6
E07000152,EAST NORTHAMPTONSHIRE,52.5,72.3,1000,5.9,18.7,76,91.2,369.3,10,18.2,1000,1,2.5,14.9,23.6,182.3,220,618,1389,6456,24646,1353,25999,0.4,0.2,0.1,0.3,0.5,0.5,0.6
S12000011,EAST RENFREWSHIRE,57.5,86.6,1000,6.3,18.5,93.4,113.9,391.8,10,11.5,165,1,2.6,13.6,15.1,35.1,181,614,1948,6647,22906,1693,24599,0.4,0.2,0.1,0.3,0.5,0.5,0.6
E06000011,EAST RIDING OF YORKSHIRE,50,79.2,1000,5.5,18.8,77.8,99.6,414.7,10,14.6,500,0.9,2.2,16.4,18.6,51.2,851,2437,4339,20732,83217,5753,88970,0.4,0.2,0.1,0.3,0.4,0.4,0.7
E07000193,EAST STAFFORDSHIRE,40,54.7,1000,5.3,19.5,63.7,70.5,397.4,10,11,180,0.9,3.3,13.7,14.4,44.7,506,1698,2438,7017,29648,615,30263,0.4,0.2,0.1,0.3,0.5,0.5,0.6
E07000244,EAST SUFFOLK,40,48.8,1000,5.2,19.5,59.3,64.2,372.5,10,10.9,220,0.9,3,13.6,14.8,92.3,1266,3419,4858,19721,63416,1004,64420,0.4,0.2,0.1,0.3,0.4,0.5,0.5
E07000061,EASTBOURNE,40,42.9,1000,5.8,18.1,54.3,54.6,421.8,10,11,115,1,2.8,14.5,14.5,56.8,277,1366,2535,6286,26479,17,26496,0.4,0.2,0.1,0.2,0.5,0.5,0.9
E07000086,EASTLEIGH,53.3,71.5,1124,6.2,18.4,78.2,91.1,388,10,11.8,180,1,2.5,13.9,15.1,43.1,203,1026,2620,8815,35323,1523,36846,0.4,0.2,0.1,0.3,0.5,0.5,0.6
E07000030,EDEN,39.1,41,1000,4.6,19.3,56.8,57.8,382.9,9.6,9.3,115,0.8,2.6,13.8,13.9,52.5,600,1001,1177,4631,11973,38,12011,0.4,0.2,0.1,0.3,0.4,0.4,0.7
E07000207,ELMBRIDGE,62.9,85.6,1000,6,19.1,85.6,103.7,376,10,13,180,1,3.2,14.3,15.7,36.6,200,898,2120,7100,37561,2508,40069,0.4,0.4,0.1,0.3,0.5,0.5,0.6
E09000010,ENFIELD,75.4,89.7,550,6,17.9,93.3,109.3,374.7,10,12.3,75,1,2.7,13.8,15,34.3,509,2308,5453,12533,76411,4603,81014,0.4,0.4,0.2,0.3,0.5,0.5,0.6
E07000072,EPPING FOREST,54.8,83.4,1000,5.5,18.5,86.9,112.5,388.6,10,19.1,1000,0.9,2.4,16.1,26.3,136.2,635,1676,3254,8983,31902,2953,34855,0.4,0.2,0.1,0.3,0.5,0.5,0.6
E07000208,EPSOM AND EWELL,59.8,85,1000,6.1,18.7,86.5,104.4,382.2,10,12.6,115,1,3,14.2,15.5,34.9,111,552,1319,4072,20640,1327,21967,0.4,0.2,0.1,0.3,0.5,0.5,0.6
E07000036,EREWASH,59,81.8,484,5.8,18.8,86.9,101.9,376.5,10,11.8,50,0.9,2.8,13.6,14.7,34.4,294,1034,2213,6011,30649,1675,32324,0.4,0.2,0.1,0.3,0.5,0.5,0.6
E07000041,EXETER,67.8,87.7,1000,6,18.2,95.8,114.1,376.2,10,12.1,220,0.9,2.2,13.6,15.8,47.8,302,1483,3453,6240,30574,2127,32701,0.4,0.2,0.2,0.3,0.4,0.4,0.6
S12000014,FALKIRK,72.7,95,1124,5.9,18.8,98.9,120.8,384.1,10,11.9,115,0.9,2.7,13.4,15,34.6,360,1630,3650,9487,43849,3648,47497,0.4,0.2,0.1,0.3,0.5,0.5,0.6
E07000087,FAREHAM,65.4,86.8,550,5.8,18.3,91.5,107.2,377.9,10,12.1,75,0.9,2.8,13.8,14.9,34.8,255,985,1863,6176,31368,1822,33190,0.4,0.2,0.1,0.2,0.4,0.4,0.6
E07000010,FENLAND,40,61.7,1000,5.9,18.5,72.2,84.3,383.4,10,10.3,115,1,2.5,13.5,14.4,35.3,313,842,1955,8819,23575,960,24535,0.4,0.2,0.2,0.4,0.5,0.5,0.7
N09000006,FERMANAGH AND OMAGH,38.3,39.6,500,4.5,18.8,59.4,61.2,332.7,7.6,8.8,165,0.8,2.5,14,14.2,49.8,1522,2793,2988,7603,19135,127,19262,0.4,0.2,0.2,0.3,0.5,0.5,0.8
S12000047,FIFE,48,66.9,1000,5.7,18.9,75.1,87.4,386.8,10,11,115,0.9,2.6,13.6,14.4,34.9,1077,3908,7362,28502,99521,4079,103600,0.4,0.2,0.1,0.3,0.5,0.5,0.6
W06000005,FLINTSHIRE,39.8,45.1,1000,5.3,19.1,57.7,59.7,382.7,10,10.3,115,0.9,3,13.8,14,53.3,798,2453,3842,10147,37124,236,37360,0.4,0.2,0.1,0.3,0.6,0.6,0.8
E07000112,FOLKESTONE AND HYTHE,40,59.2,550,5.3,18.4,70.7,81.4,374,10,10.9,180,0.9,2.4,13.8,15.4,56.7,661,1321,2165,8385,24476,900,25376,0.4,0.2,0.2,0.3,0.5,0.5,0.6
E07000080,FOREST OF DEAN,32,39.3,1000,5.5,18.4,57.1,64.2,353.1,6.7,11.3,1000,0.9,2.4,14,20.2,272.6,582,2162,3614,8389,15289,375,15664,0.4,0.2,0.1,0.3,0.5,0.5,0.5
E07000119,FYLDE,40,52.9,1000,6,18.2,66.2,73.6,381.2,10,10.2,115,1,2.6,14,14.6,36.9,275,813,2168,7378,19374,461,19835,0.4,0.2,0.2,0.3,0.5,0.5,0.7
E08000037,GATESHEAD,55,78.3,1000,6,17.9,92.1,106,376.9,10,10.6,180,0.9,2.1,13.3,14.4,35.8,519,2505,5391,13098,48086,2465,50551,0.4,0.2,0.1,0.3,0.5,0.5,0.6
E07000173,GEDLING,78.1,94.3,1000,5.9,18.1,96.1,112.6,382.2,10,12.4,115,1,2.5,13.5,14.8,35,223,811,1714,5372,33456,2052,35508,0.4,0.2,0.1,0.2,0.4,0.4,0.6
S12000049,GLASGOW CITY,55,73.5,1000,6.3,17.6,81.4,94,387.8,10,11.9,115,0.9,1.8,14.5,15.4,35.2,1081,4352,12593,40129,162381,6934,169315,0.4,0.2,0.1,0.2,0.5,0.5,0.6
E07000081,GLOUCESTER,75.8,96.8,1000,5.4,18.5,98.5,117.2,379.8,10,12.5,115,0.9,2.7,13.6,15,34.6,397,1257,1963,5533,34953,2481,37434,0.4,0.2,0.1,0.3,0.4,0.4,0.6
E07000088,GOSPORT,68.1,87.7,484,5.4,18.7,89.9,103.3,379.3,10,12.4,50,0.9,2.8,13.6,14.6,34.3,243,660,1127,3276,24017,1169,25186,0.4,0.2,0.1,0.2,0.5,0.5,0.6
E07000109,GRAVESHAM,55,77.3,1000,5.7,18.4,82.5,97.3,383.2,10,12,115,1,2.9,14,15.1,35.5,243,1022,1877,5419,25803,1343,27146,0.6,0.4,0.2,0.4,0.6,0.6,0.7
E07000145,GREAT YARMOUTH,47.3,68.7,1000,5.9,18.8,74.7,90.1,374.8,10,12.8,180,1,2.6,13.7,17.1,80.5,206,923,1748,7236,23976,1295,25271,0.4,0.2,0.1,0.3,0.5,0.5,0.6
E09000011,GREENWICH,59.8,76.5,1000,6.1,17.4,80.6,94.4,371.6,10,13.3,220,0.9,2.3,14.2,16.5,62.4,394,1930,4789,12815,66701,3332,70033,0.4,0.4,0.2,0.3,0.5,0.5,0.6
E07000209,GUILDFORD,70.2,85.5,1000,5.2,19.8,87.7,102,371.5,10,12.8,115,0.9,3.4,14.1,15.2,35,405,1431,1845,5773,38852,2064,40916,0.4,0.2,0.1,0.3,0.4,0.5,0.6
W06000002,GWYNEDD,39.1,41.7,1000,5,18.9,57.6,59.9,382.3,9.3,9.4,115,0.9,2.3,14,14.2,52.1,1134,2411,3497,10172,26630,192,26822,0.4,0.2,0.1,0.2,0.4,0.5,0.8
E09000012,HACKNEY,64.3,73.2,1000,6.7,17,83.7,93.8,362.7,10,12.2,180,1,1.7,14.5,16,55.4,303,1051,4347,15383,58434,2186,60620,0.4,0.4,0.2,0.2,0.5,0.5,0.5
E06000006,HALTON,60.8,84.4,1124,5.5,19.1,85.7,103.7,387.5,10,12.2,115,0.9,3,13.7,14.9,34.8,333,1340,2062,6483,35034,2215,37249,0.6,0.4,0.1,0.3,0.6,0.6,0.6
E07000164,HAMBLETON,39.9,45.3,1000,5,19.2,55.8,61.6,359.3,10,11.6,180,0.9,2.6,13.9,16.7,160.6,604,1335,1854,7441,20899,410,21309,0.4,0.2,0.1,0.3,0.4,0.4,0.5
E09000013,HAMMERSMITH AND FULHAM,54.1,58.5,1000,6.7,17.2,71.6,76.8,358.9,10,11.8,75,1,1.6,15.7,16.1,37.3,229,787,3416,14602,44764,826,45590,0.4,0.2,0.1,0.2,0.5,0.5,0.5
E07000131,HARBOROUGH,47.8,58.3,1000,5.9,18.7,66.4,73.6,369,10,12.9,1000,1,2.7,14.4,16.7,113.1,234,616,1394,6805,24557,600,25157,0.4,0.2,0.2,0.3,0.5,0.5,0.6
E09000014,HARINGEY,74,83.9,484,6.5,17.2,91.2,103.8,364,10,12.2,50,1,1.9,14.3,15.2,34.4,347,1282,4669,12175,62315,3026,65341,0.4,0.4,0.2,0.2,0.5,0.5,0.6
E07000073,HARLOW,78.1,103.3,1000,5.3,19.1,97.8,121.3,376.4,10,14.7,180,0.9,3.1,13.7,17.2,55.1,221,888,1240,2825,23830,2190,26020,0.4,0.4,0.1,0.4,0.5,0.5,0.6
E07000165,HARROGATE,51.9,69.2,1000,5.5,18.5,81.4,94.4,377.7,10,11.2,180,0.9,2.2,14.2,15.5,43.6,676,1985,3377,12700,39021,1786,40807,0.4,0.2,0.1,0.2,0.4,0.4,0.6
E09000015,HARROW,70.2,83.4,1000,6.2,18.1,87.1,100.3,373.7,10,12.7,115,1,2.7,14.3,15.3,34.7,333,1550,4259,9153,60530,2911,63441,0.4,0.4,0.2,0.3,0.5,0.5,0.6
E07000089,HART,65.4,93.7,2480.86,6,19.3,86.6,114.6,375,10,17.6,180,1,2.8,14,21.7,94,190,601,1471,5377,25811,2772,28583,0.4,0.2,0.2,0.3,0.5,0.5,0.5
E06000001,HARTLEPOOL,107,100.1,484,5.1,18.4,100.7,118,378.5,10,12.4,50,0.8,2.5,13.2,14.5,34.3,327,894,1204,3119,25374,1686,27060,0.4,0.2,0.1,0.3,0.5,0.5,0.7
E07000062,HASTINGS,39.8,40,330,5.9,18.9,52.8,53,330,10,10,50,1,3.2,13.8,13.9,50,254,1165,2327,7064,21471,14,21485,0.4,0.2,0.1,0.4,0.6,0.6,1
E07000090,HAVANT,63.6,89.9,550,6.1,18.9,92.7,111,380.6,10,12.1,75,1,2.9,13.6,14.9,34.4,176,932,2377,6678,33865,2308,36173,0.4,0.2,0.1,0.3,0.4,0.5,0.6
E09000016,HAVERING,63.8,86.8,1000,6,18,87.9,107.5,379.7,10,12.9,250,1,2.9,14,15.9,41.5,456,2114,4778,11936,63505,4575,68080,0.4,0.4,0.1,0.3,0.5,0.5,0.6
E06000019,"HEREFORDSHIRE, COUNTY OF",39.9,46.5,2480.86,4.9,19,59.7,65.1,393.1,10,11.9,1000,0.9,2.6,14.6,17.5,194.4,1543,4173,4797,13022,41982,691,42673,0.4,0.2,0.1,0.2,0.4,0.4,0.6
E07000098,HERTSMERE,67.1,86.4,550,6,18.3,88.3,105.9,380.9,10,12.7,75,1.1,3,14.3,15.5,34.5,195,817,2027,4979,28114,1792,29906,0.4,0.4,0.2,0.4,0.5,0.5,0.6
E07000037,HIGH PEAK,39.1,41.4,1000,5.4,19,56.1,56.9,375.4,9.5,9.5,115,0.9,2.6,13.8,13.9,52.7,401,1225,1979,8599,20685,54,20739,0.4,0.2,0.1,0.3,0.5,0.5,0.7
S12000017,HIGHLAND,35.7,37,1000,5,19.4,53.6,55.3,358.9,7.4,8.6,180,0.7,2.7,12.9,13.5,126,2771,5173,7545,25127,51419,274,51693,0.4,0.2,0.1,0.3,0.5,0.5,0.5
E09000017,HILLINGDON,72.5,87.6,1000,6,17.8,90,107.5,372.1,10,13.1,180,0.9,2.4,14.4,16.1,42.4,483,2175,5274,12116,70392,4636,75028,0.4,0.4,0.1,0.3,0.5,0.5,0.6
E07000132,HINCKLEY AND BOSWORTH,54.8,74.8,1000,5.7,19.1,81,93.5,380.1,10,11.6,115,0.9,2.9,13.5,14.4,35,297,1041,1955,6707,30780,1342,32122,0.4,0.2,0.2,0.3,0.5,0.5,0.6
E07000227,HORSHAM,40,51.9,1000,5.5,19,61,67.9,372,10,12.5,180,1,2.8,14.5,16.9,124.7,572,1699,2970,10834,36677,833,37510,0.4,0.2,0.1,0.2,0.3,0.3,0.6
E09000018,HOUNSLOW,75.9,89.1,1000,6,17.4,91.6,107,369,10,13,180,0.9,2.3,14.5,15.6,35.1,429,2026,4629,9124,65601,3870,69471,0.6,0.4,0.1,0.3,0.5,0.5,0.7
E07000011,HUNTINGDONSHIRE,53.3,70.5,1000,5.4,19.4,76.4,87.4,380.6,10,11.8,180,0.9,3,13.8,14.7,38.3,536,1661,2710,10615,49076,1849,50925,0.4,0.2,0.2,0.4,0.5,0.5,0.6
E07000120,HYNDBURN,54.8,71,1000,5.6,18.8,77.7,87.9,380.3,10,11.5,115,0.9,2.5,13.6,14.4,35.1,185,783,1397,3943,20507,720,21227,0.4,0.2,0.1,0.3,0.5,0.5,0.6
S12000018,INVERCLYDE,75.6,94.5,484,5.9,18.7,97.6,116.6,383.4,10,12.1,50,1,2.3,13.5,14.9,34.4,149,446,1119,4730,21542,1535,23077,0.4,0.2,0.1,0.3,0.4,0.5,0.6
E07000202,IPSWICH,62.3,84,1000,6.1,18.1,90.4,104.8,377.8,10,12,220,0.9,2.3,13.9,15,35.1,242,1118,2593,7247,35838,1895,37733,0.4,0.2,0.2,0.4,0.4,0.5,0.5
W06000001,ISLE OF ANGLESEY,39.8,45.1,1000,5,19.1,59.7,62.6,384.2,9.8,9.9,115,0.8,2.5,14,14.3,52.5,555,1228,1623,6185,16881,152,17033,0.4,0.2,0.1,0.2,0.5,0.5,0.8
E06000046,ISLE OF WIGHT,39.8,40.1,550,5.9,18.7,55,55.2,351,9.8,9.4,75,1,2.4,13.8,13.8,49.5,446,1278,3026,13348,29674,21,29695,0.4,0.2,0.1,0.2,0.5,0.5,1.2
E06000053,ISLES OF SCILLY,44.9,45.3,79.91,6,19.9,56.3,56.3,,10,11.7,20,1,4.4,14.7,14.7,,11,35,89,138,798,0,798,0.2,0.2,0.1,0.2,0.3,0.3,
E09000019,ISLINGTON,71.5,80.1,1000,6.8,16.6,93.9,107.3,366.8,10,11.2,180,0.9,1.4,14.2,15.3,37.5,257,1051,4818,16505,52305,2716,55021,0.4,0.2,0.2,0.2,0.4,0.4,0.5
E09000020,KENSINGTON AND CHELSEA,72.5,81.7,1000,6.3,16.7,89.5,104.9,360.9,10,12.7,115,1,1.6,15.4,16.5,35,364,1412,4471,9742,44767,2690,47457,0.2,0.2,0.1,0.2,0.3,0.3,0.3
E07000153,KETTERING,55.8,79.1,1000,5.6,18.8,85.6,99.7,372.8,10,14.2,1000,0.9,2.4,14.3,18.1,90.5,268,972,1618,6151,26758,1384,28142,0.4,0.2,0.1,0.3,0.5,0.5,0.6
E07000146,"KING'S LYNN AND WEST NORFOLK",39.8,42.2,1000,5.3,19.4,55.7,56.5,373,9.8,9.7,115,0.9,2.8,13.5,13.6,51.1,756,2123,3293,13072,36805,96,36901,0.4,0.2,0.2,0.3,0.5,0.5,0.8
E06000010,"KINGSTON UPON HULL, CITY OF",75,163,1000,6.3,15.8,112.4,181.4,420.5,20,24,500,0.9,1,21.6,26.5,43.6,115,749,2248,4606,49119,14172,63291,0.4,0.2,0.1,0.2,0.4,0.5,0.7
E09000021,KINGSTON UPON THAMES,76.3,93.2,484,6.5,17.9,93.9,111.2,373.4,10,13.3,180,1,2.3,14.3,15.9,39.5,167,694,2285,7626,44151,2909,47060,0.4,0.4,0.1,0.2,0.5,0.5,0.6
E08000034,KIRKLEES,52,73.5,1000,5.6,18.8,83.5,96.9,392.6,10,11.8,900,0.9,2.9,13.6,15.6,60.5,1254,5540,9491,24028,99091,4470,103561,0.4,0.2,0.1,0.3,0.5,0.5,0.6
E08000011,KNOWSLEY,65.2,88.6,1000,5.5,18.7,89.2,107.9,386.9,10,12.2,115,0.9,2.9,13.5,14.8,34.8,346,1512,2342,7056,40837,2739,43576,0.6,0.4,0.2,0.4,0.6,0.6,0.6
E09000022,LAMBETH,52.7,66.3,2480.86,6.7,17.1,77.8,86.5,364.6,10,11.2,180,1,1.8,14.2,14.9,39.2,351,1317,5492,22869,74648,2324,76972,0.4,0.4,0.2,0.3,0.5,0.5,0.6
E07000121,LANCASTER,40.1,102,1000,6,18.5,63.5,136.3,862.4,10,61.2,1000,1,2.6,14,84.4,785.9,381,1150,2856,9153,31402,3151,34553,0.4,0.2,0.2,0.3,0.5,0.5,0.4
E08000035,LEEDS,58.7,78.6,1000,5.9,18.2,87.3,101.4,379.5,10,11.6,900,0.9,2.3,13.7,15.1,42,1783,7817,16164,45014,191485,9709,201194,0.4,0.2,0.1,0.3,0.5,0.5,0.6
E06000016,LEICESTER,78.1,91.9,484,6.3,18.2,97.7,113,369.6,10,12.5,180,1,2.1,13.2,15.4,53.2,397,1822,5066,15219,78177,4642,82819,0.6,0.4,0.3,0.4,0.5,0.5,0.6
E07000063,LEWES,39.9,49,10000,6.2,18.9,60.2,66.4,413.9,10,10.1,115,1.1,2.7,13.8,14.2,36.5,240,785,2136,9475,23731,429,24160,0.4,0.2,0.1,0.3,0.5,0.5,0.6
E09000023,LEWISHAM,53.1,66.4,1000,6.4,17.1,79.1,88.7,369.6,10,11.1,180,0.9,1.9,14.3,15.1,38.7,419,2135,6905,20124,67666,2317,69983,0.4,0.4,0.2,0.3,0.5,0.5,0.7
E07000194,LICHFIELD,54.8,73.8,2480.86,5.8,18.6,79,92.7,392.9,10,12.1,180,1,2.8,13.9,15.3,45.5,281,909,1923,6200,27976,1283,29259,0.4,0.2,0.1,0.3,0.5,0.5,0.6
E07000138,LINCOLN,78.1,96.6,1000,5.3,18.8,95.4,111.8,376,10,12.8,115,0.9,2.8,13.6,14.8,34.5,230,914,1324,2925,28106,1745,29851,0.4,0.2,0.1,0.2,0.4,0.4,0.6
N09000007,LISBURN AND CASTLEREAGH,55,71.8,2363.9,5.2,19,77.7,89.4,391.1,10,12.1,220,0.9,3,14.2,15.1,38,624,1870,2708,6825,38755,1500,40255,0.4,0.2,0.1,0.3,0.5,0.5,0.7
E08000012,LIVERPOOL,62.6,84.5,1000,6.4,18,92.2,108.7,380.7,10,11.4,220,1,2,13.5,14.8,35.4,593,2328,7649,31552,113561,6896,120457,0.4,0.4,0.2,0.3,0.5,0.5,0.6
E06000032,LUTON,79.7,99.1,550,5.3,18.5,99,115.6,373.5,10,12.7,75,0.9,2.7,13.4,14.7,34.5,400,1609,2360,6160,51556,3315,54871,0.4,0.4,0.1,0.3,0.5,0.5,0.6
E07000110,MAIDSTONE,54.8,70.5,2480.86,5.1,19,78.6,89.7,378.2,10,12,180,0.9,2.6,14.1,15.4,47.7,778,2091,2723,9514,42806,1655,44461,0.4,0.2,0.2,0.4,0.5,0.5,0.6
E07000074,MALDON,39.8,45.8,1000,5.4,19,57.2,62.9,361.4,9.8,11.4,180,0.9,2.7,13.9,16.4,149.5,303,908,1470,5669,15015,286,15301,0.4,0.2,0.2,0.4,0.5,0.5,0.6
E07000235,MALVERN HILLS,39.1,42.3,1000,5,19.3,57,60,368.6,9.7,10,180,0.9,3.3,13.9,14.6,87.1,575,1901,2336,5945,17664,175,17839,0.4,0.2,0.1,0.3,0.4,0.4,0.6
E08000003,MANCHESTER,54,72.8,1124,6.2,17.5,80.6,94.3,416.3,10,11.3,180,0.9,2.2,13.8,14.7,37.3,940,4324,11544,27013,116833,4944,121777,0.6,0.4,0.2,0.3,0.6,0.6,0.6
E07000174,MANSFIELD,75.9,92,1000,5.8,18.5,92.8,109.1,385.7,10,13.1,180,0.9,2.8,13.7,15.5,45.5,173,951,1872,4015,30613,1796,32409,0.4,0.2,0.1,0.3,0.5,0.5,0.6
E06000035,MEDWAY,72.1,92.1,1000,5.7,18.6,93.4,111.7,378.9,10,12.7,180,0.9,2.8,13.9,15.3,35.6,581,2252,4264,12310,72239,4964,77203,0.6,0.4,0.2,0.5,0.5,0.5,0.7
E07000133,MELTON,49.9,66.3,1000,5.7,19,75.8,85.3,388.9,10,11,115,1,2.7,13.5,14.2,35.3,186,417,888,3594,13261,415,13676,0.4,0.2,0.1,0.3,0.4,0.4,0.6
E07000187,MENDIP,39.1,48.4,1000,5.6,18.3,66.5,71.8,370.8,8.8,9.2,1000,0.9,2.2,13.5,14.2,50.8,599,1924,3318,11166,24659,441,25100,0.4,0.2,0.1,0.3,0.4,0.4,0.6
W06000024,MERTHYR TYDFIL,40,44.4,1000,5.6,18.7,57.5,58.1,390.5,10,10.5,115,0.9,2.7,14.2,14.2,51.8,190,857,1511,3444,13676,22,13698,0.6,0.4,0.1,0.3,0.7,0.7,1.3
E09000024,MERTON,75.3,90.2,1000,6.3,17.4,91.3,107.2,371.5,10,13,115,1,2.5,14.2,15.4,34.7,252,1247,3494,7984,55608,3362,58970,0.4,0.4,0.2,0.3,0.5,0.5,0.6
N09000008,MID AND EAST ANTRIM,47.4,58.3,1000,5.1,18.7,67.9,76.4,421.2,10,11.2,165,0.9,2.4,14.5,15,38.5,817,1833,2614,8415,33084,817,33901,0.4,0.2,0.1,0.3,0.5,0.5,0.6
E07000042,MID DEVON,34.7,37.2,1000,5,18.6,55.4,57.5,369.3,7.1,8.9,1000,0.8,2.4,13.6,14.9,207.4,784,1893,2523,7601,15139,102,15241,0.4,0.2,0.2,0.3,0.5,0.5,0.7
E07000203,MID SUFFOLK,39.8,44.7,1000,5.3,19.5,56.3,60.2,370.2,9.8,10.5,220,1,3,13.6,14.7,97.9,560,1354,2174,8589,24076,298,24374,0.4,0.2,0.2,0.3,0.4,0.4,0.6
E07000228,MID SUSSEX,40,52.7,1000,6.1,18.9,60.1,68.1,391.5,10,12,180,1,2.8,14.1,15.9,91,315,1119,3149,11500,38176,951,39127,0.4,0.2,0.1,0.3,0.5,0.5,0.5
N09000009,MID ULSTER,39.7,41.6,550,4.8,18.9,59.1,60.4,331.8,8.3,9.2,75,0.9,2.5,13.8,14,47.7,1262,2645,3252,10067,26164,122,26286,0.4,0.2,0.2,0.3,0.5,0.5,0.8
E06000002,MIDDLESBROUGH,107,98.1,1000,5.8,17.6,107.4,127.7,373.8,10,11.3,115,0.9,1.9,13,14.6,34.5,407,1668,3136,7167,33088,2722,35810,0.4,0.2,0.2,0.3,0.5,0.5,0.6
S12000019,MIDLOTHIAN,40,55,1124,5.4,19.2,62.2,73.9,404.5,10,10.5,115,1,3,13.5,14.3,36.5,390,1250,2046,7128,22424,794,23218,0.6,0.4,0.1,0.3,0.6,0.6,0.6
E06000042,MILTON KEYNES,54.8,80.2,2480.86,4.9,19.1,66.6,99.1,488.3,10,37,1000,0.8,2.8,19.9,46.8,367.8,1152,4400,4362,11469,70710,5917,76627,0.6,0.4,0.1,0.3,0.6,0.6,0.7
E07000210,MOLE VALLEY,48.8,69.8,2363.9,5.9,19.2,77,91.5,383,10,11.4,115,1,3,13.9,15,36.6,209,734,1633,6795,22287,1115,23402,0.4,0.2,0.1,0.3,0.4,0.5,0.6
W06000021,MONMOUTHSHIRE,39.1,43.2,1000,5.3,18.3,59.4,61.9,403.6,9.8,9.8,115,0.9,2.5,14.4,14.7,54.8,683,1785,2767,7510,20427,150,20577,0.4,0.2,0.1,0.2,0.5,0.5,1
S12000020,MORAY,38.9,39,1000,5.2,19.3,54.5,55.3,397.8,8.2,8.8,115,0.9,2.7,13.1,13.2,56.3,699,1818,2623,8843,21419,46,21465,0.4,0.2,0.1,0.3,0.5,0.5,0.8
S12000013,NA H-EILEANAN SIAR,38,39.6,330,5.1,19.8,54.4,54.8,330,8.3,8.8,50,0.9,3.1,12.7,12.8,50,241,406,651,2690,6398,10,6408,0.4,0.2,0.1,0.3,0.4,0.4,0.6
W06000012,NEATH PORT TALBOT,55.2,77.7,550,5.5,19.1,85,98,380.5,10,11.3,75,1,2.6,13.4,14.3,34.6,379,1336,2263,8350,36429,1683,38112,0.4,0.2,0.1,0.3,0.5,0.5,0.6
E07000091,NEW FOREST,39.8,48.5,1000,5.8,19,61.8,66.5,377.7,9.8,9.8,115,0.9,2.7,13.5,13.8,36.8,777,2154,4726,15453,42946,651,43597,0.4,0.2,0.1,0.3,0.4,0.4,0.6
E07000175,NEWARK AND SHERWOOD,52.2,70.7,2480.86,5.4,19.6,77.3,88.3,387.2,10,11.4,115,1,3.1,13.5,14.3,35.5,372,1250,1825,7117,32053,1189,33242,0.4,0.2,0.1,0.3,0.5,0.5,0.6
E08000021,NEWCASTLE UPON TYNE,54.8,72.9,1000,6.2,17.7,81.9,93.4,370.4,10,11.4,180,1,2.1,13.8,14.7,37,440,2082,5418,17070,69123,2873,71996,0.4,0.2,0.1,0.2,0.5,0.5,0.6
E07000195,NEWCASTLE-UNDER-LYME,54.8,76.1,1000,5.8,18.9,82.3,95.9,387.3,10,11.6,115,1,3.1,13.5,14.5,35.3,276,1307,2295,6625,31373,1458,32831,0.4,0.2,0.1,0.3,0.5,0.5,0.6
E09000025,NEWHAM,65.7,77.5,1000,6.3,16.3,82.8,96.7,364,10,13.8,180,0.9,2,14.8,17.3,67.1,495,2102,6289,11436,65712,3427,69139,0.6,0.4,0.2,0.3,0.6,0.6,0.7
W06000022,NEWPORT,61.2,82.3,1000,5.8,18.2,87.3,102.1,381.6,10,12.1,115,0.9,2.6,14,15,35.2,406,1614,3188,6822,40229,2123,42352,0.4,0.2,0.1,0.3,0.5,0.5,0.6
N09000010,"NEWRY, MOURNE AND DOWN",39.8,42.7,330,4.8,18.9,59.3,60.1,330,9.4,9.5,50,0.9,2.4,14,14.1,46.3,1389,2948,3497,13232,35071,112,35183,0.4,0.2,0.2,0.3,0.6,0.6,0.9
S12000021,NORTH AYRSHIRE,39.1,50.8,1000,6,18.9,62.9,70.5,380.3,9.8,9.7,115,1,2.7,13.3,13.9,34.8,410,1352,3372,14044,33443,826,34269,0.6,0.2,0.2,0.4,0.6,0.6,0.6
E07000043,NORTH DEVON,39.8,42.1,1000,5.1,19.1,56.9,58.1,375.1,9.9,9.7,115,0.9,2.4,14,14.1,51.8,758,1825,2502,8288,23647,84,23731,0.4,0.2,0.1,0.3,0.5,0.5,0.8
E07000038,NORTH EAST DERBYSHIRE,39.8,46.8,1000,5.1,19.5,58.8,63.5,404.4,9.8,9.8,115,0.9,3.1,13.3,13.7,37.3,520,1833,2316,7397,23360,327,23687,0.4,0.2,0.1,0.3,0.5,0.5,0.5
E06000012,NORTH EAST LINCOLNSHIRE,107,104.2,1000,6.2,17.4,106.7,128.3,382.6,10,12.3,115,1,1.9,13.6,15.2,34.4,271,1088,2850,7790,41483,3524,45007,0.4,0.2,0.1,0.2,0.4,0.4,0.6
E07000099,NORTH HERTFORDSHIRE,62.9,83,1000,5.8,18.8,88.5,103.7,380.5,10,11.8,220,1,2.3,13.6,14.9,37.9,305,844,1961,8537,36138,1978,38116,0.4,0.2,0.1,0.3,0.4,0.4,0.6
E07000139,NORTH KESTEVEN,51.1,66.5,1000,5.1,19.6,72.5,83.6,380,10,12.3,180,0.9,2.9,13.7,15.6,66.4,491,1252,1717,7234,31099,1167,32266,0.4,0.2,0.1,0.3,0.4,0.4,0.5
S12000050,NORTH LANARKSHIRE,69.7,94,1000,5.6,18.7,92.6,114.4,383.4,10,12.7,115,0.9,2.7,13.9,15.4,34.7,771,3117,5619,16692,94627,7678,102305,0.6,0.4,0.1,0.3,0.5,0.5,0.6
E06000013,NORTH LINCOLNSHIRE,53.4,69.7,1000,4.9,19.4,78,87.9,378.8,10,11.3,115,0.9,2.8,13.6,14.3,34.9,757,1873,2306,9580,42705,1454,44159,0.4,0.2,0.1,0.2,0.4,0.4,0.6
E07000147,NORTH NORFOLK,39.1,40.9,1000,5.2,19.5,55.5,56.3,372.5,8.9,9.2,115,0.9,2.7,13.3,13.4,53.2,584,1681,2245,11450,26377,63,26440,0.2,0.2,0.1,0.2,0.4,0.4,0.7
E06000024,NORTH SOMERSET,40,56.6,1000,5.9,18.3,70.1,79.1,386.7,10,10.9,1000,0.9,2.5,13.9,15.6,74.6,696,2804,6144,17678,50185,1471,51656,0.4,0.2,0.1,0.3,0.4,0.4,0.6
E08000022,NORTH TYNESIDE,57.3,78.2,1000,5.8,18.2,86,99,379.6,10,11.6,180,0.9,2.5,13.7,14.7,35,525,2625,4988,10997,57435,2661,60096,0.4,0.2,0.1,0.3,0.5,0.5,0.6
E07000218,NORTH WARWICKSHIRE,41,53.9,1124,5.1,18.9,63.8,69.3,390,10,10.9,115,1,2.6,14,14.4,38.4,275,809,1073,4354,16412,280,16692,0.4,0.2,0.1,0.3,0.5,0.5,0.7
E07000134,NORTH WEST LEICESTERSHIRE,56.9,81.1,1000,5.3,19.3,85.1,100.9,377.9,10,11.8,115,1,3,13.5,14.6,34.9,274,1013,1464,5826,27211,1554,28765,0.4,0.2,0.2,0.3,0.5,0.5,0.7
E07000154,NORTHAMPTON,68.8,88.7,2480.86,6.2,17.3,92.4,108.8,375,10,13.1,900,1,2.4,14,16,48.9,421,1836,4935,9740,60450,3728,64178,0.4,0.2,0.1,0.3,0.3,0.3,0
E06000057,NORTHUMBERLAND,39.8,42.8,1000,5.5,19.2,55.7,56.9,364.3,9.8,9.9,220,0.9,2.7,13.6,13.8,51.5,1548,4326,7488,27443,80675,320,80995,0.4,0.2,0.1,0.3,0.5,0.5,0.8
E07000148,NORWICH,66.8,85.2,484,6.2,18.2,90,103.1,371.7,10,12,50,1,2.5,13.6,14.5,34.3,180,1014,2717,6625,40280,1966,42246,0.4,0.2,0.1,0.2,0.4,0.4,0.6
E06000018,NOTTINGHAM,79.7,96.4,1000,6,17.9,100.7,117,372.4,10,12.1,115,0.9,2.1,13.4,14.7,34.4,472,2187,5113,12140,75772,4833,80605,0.4,0.2,0.1,0.3,0.5,0.5,0.6
E07000219,NUNEATON AND BEDWORTH,68.3,85.5,1124,5.6,18.5,87.8,102.9,403.2,10,12.5,115,0.9,2.9,13.9,14.9,35.4,271,1316,2101,5312,35554,1794,37348,0.4,0.2,0.1,0.3,0.5,0.5,0.6
E07000135,OADBY AND WIGSTON,59.8,81.8,484,6.4,18.3,87,102.3,380.3,10,11.8,50,1,2.5,13.6,14.7,34.4,80,327,1060,3053,14061,777,14838,0.4,0.2,0.2,0.4,0.5,0.5,0.6
E08000004,OLDHAM,63.6,80.1,1000,5.8,18.7,82.3,96.3,388.5,10,12.2,220,0.9,3.1,13.6,14.6,34.8,505,2045,4325,7858,58621,2809,61430,0.6,0.4,0.1,0.3,0.5,0.5,0.6
S12000023,ORKNEY ISLANDS,27.1,33.2,330,5.1,18.9,55.7,56.1,330,6.9,7.7,50,0.6,2.4,13,13,50,383,629,1112,2239,3990,6,3996,0.2,0.2,0.1,0.2,0.4,0.4,0.8
E07000178,OXFORD,72.7,88.9,484,6.1,18,91.7,106.8,366.1,10,12.5,250,0.9,2.6,13.9,15,34.5,194,908,2245,5740,36056,2103,38159,0.4,0.2,0.2,0.3,0.4,0.4,0.6
W06000009,PEMBROKESHIRE,39.9,44.2,1000,5,18.9,58.9,59.8,383.1,10,9.9,115,0.9,2.5,13.8,13.9,52.4,986,2322,2980,8684,29814,84,29898,0.4,0.2,0.1,0.2,0.4,0.4,0.8
E07000122,PENDLE,48.9,63.6,1124,5.9,18.3,75.3,82.6,394.7,10,10.7,50,1,2.1,13.7,14.2,35.2,199,609,1417,6347,21444,503,21947,0.4,0.2,0.1,0.2,0.5,0.5,0.7
S12000048,PERTH AND KINROSS,39.9,56.8,1000,5.2,19.1,72.8,81,380.4,9.8,9.5,220,0.9,2.4,13.2,13.8,35.5,1087,2502,3770,13846,36162,995,37157,0.4,0.2,0.2,0.3,0.4,0.4,0.6
E06000031,PETERBOROUGH,63.7,98.4,1000,5.6,19.2,86.1,119.9,408.6,10,29.9,1000,0.9,3.1,17,36.9,206.9,458,1854,3198,9010,51207,5992,57199,0.4,0.2,0.2,0.4,0.4,0.4,0.6
E06000026,PLYMOUTH,75.6,94.4,1000,5.9,18.2,98.1,116,378,10,12.2,115,0.9,2.5,13.6,14.9,34.6,517,2169,4505,12806,69928,4785,74713,0.4,0.2,0.2,0.4,0.4,0.4,0.6
E06000044,PORTSMOUTH,78.1,97.4,1000,5.8,17.4,100,117.2,376.2,10,12.8,115,0.9,2.1,14.1,15.4,34.5,404,1962,3599,7537,54614,3616,58230,0.4,0.2,0.1,0.2,0.5,0.5,0.6
W06000023,POWYS,38,40.8,2363.9,4.8,18.7,62,65,405.5,7.7,8.7,165,0.8,2,14.5,14.8,54.1,1934,3806,4909,11203,25723,233,25956,0.4,0.2,0.1,0.2,0.4,0.4,0.7
E07000123,PRESTON,55,78.2,1000,6,18.1,83.2,97.9,409.6,10,13.5,1000,1,2.5,13.6,17.1,90.6,286,1097,2590,7329,35176,1657,36833,0.4,0.4,0.2,0.4,0.5,0.5,0.7
E06000038,READING,71,88.3,1124,6.1,18.1,90.2,107.8,403,10,13.2,180,1,2.3,13.9,16.2,54.8,240,880,2432,8285,42207,2522,44729,0.6,0.4,0.2,0.4,0.5,0.5,0.6
E09000026,REDBRIDGE,72.1,87.9,1000,6.5,18,92.2,109.4,373,10,12.5,180,1,2.3,14,15.6,40.8,289,1176,4302,14471,64771,4212,68983,0.6,0.4,0.2,0.3,0.5,0.5,0.6
E06000003,REDCAR AND CLEVELAND,80,96.3,550,5.8,17.9,104.6,122.5,377.9,10,11.5,75,0.9,1.7,13.2,14.6,34.4,363,1472,2980,7227,35825,2508,38333,0.4,0.2,0.1,0.2,0.4,0.4,0.6
E07000236,REDDITCH,68.7,92.5,1124,5.8,18.7,92.2,112.6,406.1,10,12.8,1000,1,2.9,13.8,15.5,41.4,150,796,1586,3702,22942,1592,24534,0.4,0.2,0.1,0.4,0.5,0.5,0.5
E07000211,REIGATE AND BANSTEAD,54.8,78.1,1000,6.1,19,83.5,99.5,383.1,10,11.8,115,1.1,3.1,13.8,15,35.5,220,1046,2441,9855,37596,2121,39717,0.4,0.2,0.1,0.3,0.5,0.5,0.6
S12000038,RENFREWSHIRE,66.8,89.3,1000,6.2,18.1,94.9,115,389.9,10,11.8,115,1,2.2,13.8,15.3,34.9,367,1383,3756,12309,48265,3538,51803,0.4,0.2,0.1,0.3,0.5,0.5,0.6
W06000016,RHONDDA CYNON TAF,40,49.5,1000,5.6,18.8,60.6,63.4,378.1,10,10.9,115,1,2.8,14.1,14.3,36.3,865,2879,5057,13772,58015,506,58521,0.6,0.4,0.1,0.3,0.6,0.6,0.6
E07000124,RIBBLE VALLEY,40,53.2,1000,5.4,18.7,59,72.2,778.2,10,18,1000,0.9,2.5,14,25.9,661.9,261,727,1194,4974,14314,267,14581,0.4,0.2,0.1,0.3,0.5,0.5,0.5
E09000027,RICHMOND UPON THAMES,76.3,94,1000,6.1,18.3,93.9,112.6,371.9,10,13.5,180,0.9,2.2,14.5,16.2,40.8,285,1049,2840,9688,55333,3988,59321,0.4,0.2,0.1,0.2,0.4,0.4,0.6
E07000166,RICHMONDSHIRE,39.1,40.4,1000,5.2,19.1,56.1,57.4,418.6,9,9.5,1000,0.9,2.7,13.8,14.3,151.3,342,884,1314,4398,10770,38,10808,0.4,0.2,0.1,0.3,0.5,0.5,1
E08000005,ROCHDALE,53.5,71.2,1000,5.8,18.6,77.1,88.6,384.5,10,11.6,115,0.9,2.9,13.7,14.5,34.8,473,2119,4317,10105,54539,2112,56651,0.6,0.4,0.1,0.3,0.6,0.6,0.7
E07000075,ROCHFORD,39.8,48.4,1000,6.3,18.7,56.7,64.9,359,9.8,12.7,180,1,2.9,13.6,17.8,168,170,651,1915,7418,19793,552,20345,0.6,0.4,0.2,0.4,0.6,0.6,0.5
E07000125,ROSSENDALE,40,58.1,1000,4.9,19.8,68.9,77,372.4,10,10.5,220,0.9,3.1,13.5,14.1,35.8,352,1076,1258,4974,17116,470,17586,0.4,0.2,0.1,0.4,0.5,0.5,0.7
E07000064,ROTHER,39.1,42.1,1000,5.7,19.1,55.2,58,372.4,9.1,10.1,220,1,2.8,13.5,14.7,143.3,351,1062,2225,9678,22008,200,22208,0.4,0.2,0.1,0.2,0.5,0.5,0.6
E08000018,ROTHERHAM,44.7,67.2,2363.9,5.8,18.9,76.5,87.9,385.6,10,10.9,115,1,2.8,13.5,14.3,34.9,675,2787,5643,16478,63057,2407,65464,0.4,0.2,0.1,0.3,0.5,0.5,0.7
E07000220,RUGBY,55,74.6,1124,5.4,19.1,79.5,91.3,388.3,10,12.4,180,0.9,3.2,14,15.2,44.5,371,1215,1935,4901,29726,1174,30900,0.4,0.2,0.1,0.3,0.4,0.4,0.6
E07000212,RUNNYMEDE,59.2,80,1000,5.8,18.9,81.9,98.3,374.6,10,12.6,115,1,2.9,14.4,15.5,35,172,704,1430,4235,22278,1320,23598,0.4,0.2,0.1,0.3,0.5,0.5,0.6
E07000176,RUSHCLIFFE,72.4,88.4,1000,5.7,19.3,89.8,106.3,377,10,13.3,180,1,2.6,13.9,16,50.7,212,640,1318,6243,32307,1970,34277,0.4,0.2,0.1,0.2,0.4,0.4,0.6
E07000092,RUSHMOOR,77,97.9,1000,5.4,18.1,94.5,114.4,377.8,10,13.7,180,0.9,2.6,14,16,42.5,205,861,1194,3299,26630,2004,28634,0.4,0.4,0.1,0.3,0.5,0.5,0.6
E06000017,RUTLAND,39.4,59.8,1000,5.3,19.6,53.5,80.9,362.8,10,22.4,1000,1,3,15,32.2,209.4,129,298,502,3834,8832,856,9688,0.4,0.2,0.1,0.3,0.4,0.4,0.6
E07000167,RYEDALE,39.8,43.4,1000,4.9,19.2,58.2,59.6,404.1,9.9,9.9,115,0.9,2.7,14.1,14.3,54.4,403,931,1156,4535,12577,51,12628,0.4,0.2,0.1,0.3,0.4,0.4,1.3
E08000006,SALFORD,58.3,82.4,2480.86,6.3,17.8,88.1,106,383.7,10,11.8,180,1,2.2,13.8,15.2,36.8,324,1833,5106,15404,61690,3982,65672,0.4,0.4,0.2,0.3,0.5,0.5,0.7
E08000028,SANDWELL,67.4,80.9,1124,6.2,17.3,87.1,100.9,398,10,11.8,75,0.9,2.1,13.9,14.8,34.8,456,2209,6199,14186,75080,3492,78572,0.6,0.4,0.1,0.2,0.6,0.6,0.7
E07000168,SCARBOROUGH,39.8,40.9,1000,5.5,18.7,53.8,55,379.6,10,10,220,0.9,2.4,13.8,14.4,157.8,425,1364,2270,10811,27181,106,27287,0.4,0.2,0.1,0.3,0.4,0.4,0.5
S12000026,SCOTTISH BORDERS,39.1,40.5,1000,5.2,19.1,55.9,57,338.6,9.1,9.2,115,0.8,2.4,13.6,13.7,48.5,818,1941,3013,11120,26545,99,26644,0.4,0.2,0.1,0.2,0.5,0.5,0.8
E07000188,SEDGEMOOR,40,48.2,2480.86,5.5,19.2,56.1,65.4,363.1,10,13.6,1000,0.9,2.8,14.1,19.4,187.6,661,1821,3380,8586,28192,882,29074,0.4,0.2,0.2,0.3,0.5,0.5,0.5
E08000014,SEFTON,57.1,80.5,1000,6.1,18.2,85.8,101.7,386.7,10,11.6,115,1,2.4,13.6,14.7,34.8,469,1954,4720,17475,72600,4042,76642,0.4,0.2,0.1,0.3,0.5,0.5,0.6
E07000169,SELBY,39.8,45,1000,5.6,19.1,56.4,61,393.2,9.8,10.7,180,0.9,2.8,13.9,15.2,111,420,1162,2247,7306,21023,285,21308,0.4,0.2,0.2,0.3,0.5,0.5,0.7
E07000111,SEVENOAKS,40,56.1,1000,5.8,18.9,66.4,76.4,421.2,10,12.7,1000,1,2.9,14.1,17.8,144.7,373,1286,2637,9828,27895,808,28703,0.4,0.2,0.1,0.3,0.5,0.5,0.6
E08000019,SHEFFIELD,41.7,61.1,1000,5.8,18.3,74.1,81.1,380.6,10,10.6,220,0.9,2.6,13.7,14.2,35.2,1671,6522,12865,32279,125120,2912,128032,0.4,0.2,0.1,0.3,0.5,0.5,0.6
S12000027,SHETLAND ISLANDS,32.3,34.7,330,5.1,19.7,54.6,55,330,7.8,8.5,50,0.6,2.8,13.1,13.1,50,404,556,1109,2326,4764,6,4770,0.4,0.2,0.1,0.3,0.4,0.4,0.7
E06000051,SHROPSHIRE,39.8,44.1,2480.86,5.3,18.8,59.1,61.9,379.9,9.9,10,220,0.9,2.6,14.1,14.6,77.6,1930,5451,8313,25353,69661,629,70290,0.4,0.2,0.1,0.3,0.4,0.4,0.7
E06000039,SLOUGH,67.8,81.3,1000,5.7,17.9,85.5,98.7,372.2,10,12.5,180,1,2.6,14.1,15.1,36.9,340,1078,2046,5527,33642,1625,35267,0.6,0.4,0.1,0.3,0.6,0.6,0.7
E08000029,SOLIHULL,72.2,92.7,1124,5.9,17.7,93.7,113.2,400.3,10,12.5,115,0.9,2.4,13.9,15.3,35.2,387,1909,3870,9634,57591,3899,61490,0.4,0.2,0.1,0.2,0.5,0.5,0.6
E07000246,SOMERSET WEST AND TAUNTON,39.1,41.2,1000,5.2,18.9,56.3,58.3,375.3,9.8,10.1,1000,0.9,2.9,14.2,14.9,133.3,1032,3638,4934,12180,35754,219,35973,0.4,0.2,0.2,0.3,0.5,0.5,0.7
S12000028,SOUTH AYRSHIRE,40,60.1,1000,5.8,19.2,70.5,82.5,382.9,10,10.2,115,1,2.8,13.4,14.2,35.1,445,1425,2981,9850,28502,1138,29640,0.4,0.2,0.2,0.3,0.5,0.5,0.6
E07000012,SOUTH CAMBRIDGESHIRE,55,76.8,1000,5,20,82.2,94.9,372.6,10,12.5,180,1,3.1,13.9,15.4,48.2,513,1509,1864,9408,43104,1958,45062,0.4,0.2,0.1,0.3,0.4,0.4,0.7
E07000039,SOUTH DERBYSHIRE,40,60.6,1000,5.2,19.4,63.8,77.7,375.1,10,14,180,0.9,3.3,13.6,18.3,117.9,463,1478,1953,6127,26083,1219,27302,0.4,0.2,0.2,0.4,0.5,0.5,0.5
E06000025,SOUTH GLOUCESTERSHIRE,73.7,95.8,1000,5.7,18.8,93,116.2,373.6,10,16,300,0.9,2.9,13.7,19.5,84.1,680,2351,4555,12826,75011,6777,81788,0.4,0.2,0.1,0.3,0.4,0.4,0.5
E07000044,SOUTH HAMS,38,43.7,1000,5.2,18.9,62.1,65.8,379.7,8.2,9.1,1000,0.9,2.4,13.6,14.4,80.5,722,2004,2915,9994,20731,246,20977,0.2,0.2,0.1,0.2,0.4,0.4,0.5
E07000140,SOUTH HOLLAND,38.3,40.6,1000,5.6,19.1,55.6,57.6,382.6,8.4,9.2,220,1,2.9,13.4,13.7,55,409,1334,2354,8634,19318,117,19435,0.4,0.2,0.2,0.4,0.5,0.5,0.9
E07000141,SOUTH KESTEVEN,41.7,58.2,2480.86,5.5,19,68,76,385.5,10,11,1000,0.9,2.9,13.7,14.6,49.6,531,1622,2881,10197,36324,932,37256,0.4,0.2,0.1,0.3,0.5,0.5,0.6
E07000031,SOUTH LAKELAND,39.3,85.5,1000,5.5,19.2,54.4,125.7,983.1,9.8,56.5,1000,1,2.8,13.3,87.2,975,585,1537,2857,10792,25606,2130,27736,0.4,0.2,0.1,0.2,0.4,0.4,0.3
S12000029,SOUTH LANARKSHIRE,58.4,82.7,1000,5.5,18.6,87.4,104.9,386,10,11.9,180,0.9,2.6,13.8,15.1,35.4,1181,3607,6401,19313,89176,5560,94736,0.4,0.2,0.1,0.3,0.5,0.5,0.6
E07000149,SOUTH NORFOLK,39.8,47.4,1000,5.4,19.4,57.3,64.3,441.1,9.9,12.4,1000,1,3,13.6,17.7,237.1,603,1934,3037,11918,33023,613,33636,0.4,0.2,0.1,0.3,0.5,0.5,0.5
E07000155,SOUTH NORTHAMPTONSHIRE,48.8,59.6,1000,5,19.4,61.8,75.1,388.2,10,18.7,1000,0.9,2.9,15.3,24.3,238.6,411,1117,1340,6001,24652,1042,25694,0.4,0.2,0.1,0.3,0.5,0.5,0.6
E07000179,SOUTH OXFORDSHIRE,50.8,63,1000,5.7,19.2,68,78.3,413.4,10,15.5,1000,1,2.7,15.1,19.8,172.8,329,1117,2029,9794,39559,1220,40779,0.4,0.2,0.2,0.3,0.5,0.5,0.6
E07000126,SOUTH RIBBLE,54.8,74.8,1000,5.6,18.6,81.5,94.3,383.3,10,11.5,115,0.9,2.8,13.6,14.5,35,327,1183,2235,6261,30013,1322,31335,0.4,0.2,0.2,0.4,0.5,0.5,0.6
E07000189,SOUTH SOMERSET,39.3,40.3,1000,5.2,19.1,54.9,55.3,352.6,9.8,9.4,300,0.9,2.8,13.5,13.6,52.8,826,3088,3888,14063,38089,58,38147,0.4,0.2,0.1,0.3,0.5,0.5,0.8
E07000196,SOUTH STAFFORDSHIRE,40,52.1,1124,5.4,18.9,62.3,69.3,389.2,10,10.6,180,1,2.8,13.9,14.5,42.9,470,1308,2069,8111,25598,559,26157,0.4,0.2,0.1,0.3,0.5,0.5,0.6
E08000023,SOUTH TYNESIDE,71,88.4,484,5.3,18.5,93.6,107.3,374.6,10,11.9,50,0.9,2.8,13.3,14.4,34.2,474,1835,2556,6020,41628,2134,43762,0.4,0.2,0.1,0.3,0.5,0.5,0.7
E06000045,SOUTHAMPTON,57.6,85.4,1124,6.4,17.7,90,111.5,412.4,10,12.2,180,0.9,2.1,13.8,16.1,48,345,1767,5522,14757,57181,4100,61281,0.4,0.2,0.1,0.3,0.5,0.5,0.6
E06000033,SOUTHEND-ON-SEA,54.8,76.2,1000,6.6,17.9,83.5,98.5,389.9,10,13.1,900,1,2.1,14.3,17.1,72.6,236,790,2907,13762,46036,2371,48407,0.4,0.2,0.2,0.3,0.5,0.5,0.7
E09000028,SOUTHWARK,52,64.8,1000,6.2,16.7,79.9,91.6,365.9,10,11.6,180,0.9,1.6,14.3,16.9,75.4,650,2969,8040,21130,60923,2605,63528,0.4,0.2,0.2,0.2,0.5,0.5,0.5
E07000213,SPELTHORNE,60.5,81,1000,6.3,17.2,89,107.7,377.6,10,12.1,115,0.9,2.1,14.8,16.2,36.3,196,1068,3078,5870,24455,1697,26152,0.4,0.2,0.1,0.2,0.5,0.5,0.6
E07000240,ST ALBANS,71.6,87.5,1000,5.8,18.9,90,106.1,379.3,10,12.8,180,1,2.7,14.2,15.5,36.3,278,1067,2239,7176,39743,2348,42091,0.4,0.4,0.2,0.4,0.5,0.5,0.6
E08000013,ST. HELENS,74.9,95.8,1000,5.5,18.3,97.2,118.9,389,10,12.2,115,0.9,2.7,13.5,15.1,34.6,504,2272,3537,8250,48364,3891,52255,0.4,0.2,0.1,0.3,0.5,0.5,0.6
E07000197,STAFFORD,54.8,76.9,1124,5.3,19.6,82.7,98.2,380.7,10,12.5,180,0.9,3.2,13.5,15.9,58.3,599,1796,2896,7257,35410,1935,37345,0.4,0.2,0.1,0.3,0.4,0.4,0.6
E07000198,STAFFORDSHIRE MOORLANDS,39.8,52.6,1000,5.6,18.5,67.4,74.1,392.8,10,9.7,50,1,2.5,13.6,14,34.7,383,1169,2094,8609,21258,443,21701,0.4,0.2,0.1,0.2,0.5,0.5,0.6
E07000243,STEVENAGE,79.7,104.1,484,5.6,19,99.9,119.4,378.6,10,13.3,50,0.9,2.7,13.8,15.2,34.3,128,761,1220,2449,25289,1904,27193,0.4,0.2,0.1,0.3,0.5,0.5,0.6
S12000030,STIRLING,39.5,52,1000,5.4,19.3,57.4,72.3,552.7,9.8,21.6,900,0.9,2.8,16.9,32.1,520.3,465,1186,2089,8161,20987,651,21638,0.4,0.2,0.1,0.3,0.5,0.5,0.7
E08000007,STOCKPORT,72.3,90.2,1124,6.2,18,92.8,111.4,392.3,10,12.3,115,0.9,2.3,13.9,15.2,34.6,438,1977,5166,16032,79170,5254,84424,0.4,0.2,0.1,0.2,0.5,0.5,0.6
E06000004,STOCKTON-ON-TEES,107,100.3,1000,5.3,17.9,107.9,127.3,377.9,10,11.7,220,0.8,2,13.2,14.8,34.9,655,3163,4338,8195,49674,3846,53520,0.4,0.2,0.2,0.3,0.4,0.5,0.7
E06000021,STOKE-ON-TRENT,59.8,83.6,1000,5.8,18.5,88.7,103.9,380.3,10,11.8,115,0.9,2.9,13.4,14.5,34.5,522,2524,4810,11793,64549,3540,68089,0.4,0.2,0.2,0.4,0.5,0.5,0.6
E07000221,STRATFORD-ON-AVON,41.7,54.8,1124,5.3,19.4,65.8,71.5,388.5,10,11,300,1,2.9,14,14.6,43,607,1628,2524,10155,35007,640,35647,0.4,0.2,0.1,0.3,0.4,0.4,0.6
E07000082,STROUD,39.8,50.2,1000,5.6,18.4,60.4,71.3,384.7,10,15.7,1000,1,2.7,14.7,23.5,277.9,616,2076,3545,9674,26932,930,27862,0.4,0.2,0.1,0.2,0.5,0.5,0.5
E08000024,SUNDERLAND,50.6,70.8,1000,5.7,18.9,77.8,90.2,381.8,10,11.2,115,1,2.8,13.5,14.4,34.6,724,3233,5520,15337,69946,2957,72903,0.4,0.2,0.1,0.3,0.5,0.5,0.6
E07000214,SURREY HEATH,70.2,90,1124,5.5,19.3,87.5,105.6,379.8,10,13.6,220,1,3,14.1,15.9,43.4,172,605,977,3821,25032,1659,26691,0.4,0.2,0.1,0.3,0.5,0.5,0.6
E09000029,SUTTON,72.4,90.1,484,6.1,18.3,90.8,109.2,376.9,10,13.1,180,1,2.6,13.9,15.9,44.8,254,1180,2967,9902,53087,3642,56729,0.4,0.4,0.1,0.3,0.5,0.5,0.6
E07000113,SWALE,50.3,62.2,1000,5.7,18.5,71.7,79.9,379.7,10,11.5,180,0.9,2.5,14.4,15.1,38.7,365,1334,2611,9268,35764,979,36743,0.6,0.4,0.2,0.4,0.6,0.6,0.7
W06000011,SWANSEA,64.7,84.4,1000,5.8,18.6,89.3,104.8,378.2,10,12,220,1,2.4,13.8,15,36.3,557,2026,4012,13099,64043,3624,67667,0.4,0.2,0.1,0.3,0.4,0.4,0.6
E06000030,SWINDON,69.7,88.2,1000,5.6,17.5,94.4,115.5,375.3,10,13.4,1000,0.9,1.7,14.3,17.8,61,552,2617,4297,14106,54566,4447,59013,0.4,0.2,0.1,0.2,0.5,0.5,0.6
E08000008,TAMESIDE,52,67.4,1000,6.5,18.1,74,85.6,385.7,10,11.5,115,1,2.6,14,14.7,34.9,334,1444,5292,13727,58516,2256,60772,0.6,0.4,0.1,0.3,0.6,0.6,0.6
E07000199,TAMWORTH,70.4,89.2,1124,6,18.3,87.1,105.9,397.1,10,12.8,115,0.9,2.6,13.9,15.1,35.1,142,498,1202,2979,20593,1327,21920,0.6,0.4,0.1,0.3,0.5,0.5,0.6
E07000215,TANDRIDGE,44.1,65.1,1000,5.7,19.5,73.8,86.7,378.9,10,11.2,115,1,3,14,15,36.9,259,909,1716,6688,21135,937,22072,0.4,0.2,0.1,0.3,0.5,0.5,0.7
E07000045,TEIGNBRIDGE,39.7,52.4,1000,5.6,18.9,68.5,76.1,379.7,9.6,9.3,180,0.9,2.5,13.2,13.9,43.4,587,2081,3592,12737,29659,740,30399,0.4,0.2,0.2,0.3,0.4,0.4,0.6
E06000020,TELFORD AND WREKIN,66.7,84.5,2363.9,6.2,18.1,86.6,102.5,384.5,10,12.6,180,1,2.3,13.7,15.3,44.4,235,980,2539,9382,48233,2712,50945,0.4,0.2,0.1,0.3,0.5,0.5,0.7
E07000076,TENDRING,39.1,41.6,2480.86,5.4,19.2,53.5,58.6,369.2,9.2,10.6,220,0.9,2.7,13.5,15.8,162.8,772,2613,3925,13241,32490,528,33018,0.4,0.2,0.2,0.4,0.5,0.5,0.4
E07000093,TEST VALLEY,55,85.8,1124,5.5,19,80.4,110.8,374.6,10,18.5,180,0.9,2.8,14.1,24.2,111.6,474,1625,2882,7373,31936,3684,35620,0.4,0.2,0.2,0.3,0.5,0.5,0.5
E07000083,TEWKESBURY,46.2,74.6,1000,5.4,17.9,84.1,109.6,371.1,10,20.9,1000,0.9,2,16,31.9,195.3,552,1697,2567,8029,20515,2000,22515,0.4,0.2,0.1,0.2,0.4,0.5,0.6
E07000114,THANET,40,54.2,484,6.1,18.7,62,72.5,386.1,10,10.5,50,1,2.6,13.7,14.4,34.4,293,1147,2866,11939,33221,1119,34340,0.4,0.2,0.2,0.4,0.5,0.5,0
E07000102,THREE RIVERS,70.2,88.9,1000,5.2,19.7,90.7,108.5,378.8,10,12.7,115,0.9,3.8,14.1,15.4,34.8,297,1013,1405,4161,24626,1622,26248,0.4,0.4,0.2,0.4,0.5,0.5,0.6
E06000034,THURROCK,57.9,86.9,1000,5.5,18.7,87.6,110.4,375.4,10,14.2,180,0.9,2.7,14,18,64.8,466,1818,2803,9055,40460,3484,43944,0.6,0.4,0.2,0.5,0.6,0.6,0.6
E07000115,TONBRIDGE AND MALLING,51.5,71.8,1000,5.6,18.8,77,93.6,379.9,10,13.9,1000,0.9,2.7,14.4,18.4,87.3,397,1341,2437,8479,31482,1832,33314,0.4,0.2,0.2,0.4,0.5,0.5,0.6
E06000027,TORBAY,39.9,63,1000,6.4,18.3,77.7,92.4,388.8,10,9.6,115,1,2,13.4,14.4,35.1,207,1072,3093,15223,30112,1500,31612,0.4,0.2,0.2,0.3,0.4,0.5,0.6
W06000020,TORFAEN,46.9,63.7,1000,5.8,18.8,70.1,81.8,384.1,10,12.7,180,0.9,3,13.9,16.5,82.9,289,1131,2533,4705,23398,912,24310,0.4,0.2,0.1,0.3,0.5,0.5,0.6
E07000046,TORRIDGE,39.8,39.4,1000,4.8,19,55.9,56.8,398.7,9.8,9.3,115,0.8,2.5,14,14.1,53.1,757,1847,1999,4999,14993,39,15032,0.4,0.2,0.1,0.3,0.4,0.4,0.5
E09000030,TOWER HAMLETS,40,53.7,1000,6.5,16.8,69.6,76.6,365.6,10,10.8,180,0.9,1.5,15.2,16.1,54.8,474,2092,7520,19858,51556,1246,52802,0.4,0.4,0.2,0.2,0.5,0.5,0.6
E08000009,TRAFFORD,64.1,82,2480.86,6,18.1,83.9,100.4,425.6,10,12.5,115,1,2.7,14.2,15.3,35.4,412,1553,3682,12092,62209,3158,65367,0.4,0.4,0.1,0.3,0.5,0.5,0.6
E07000116,TUNBRIDGE WELLS,47,59.6,1000,5.7,19,71.2,78.3,370.4,10,11.1,115,0.9,2.6,14.3,14.8,36.4,368,1303,2467,7796,28110,685,28795,0.4,0.2,0.1,0.3,0.5,0.5,0.6
E07000077,UTTLESFORD,40,55.9,1000,5.5,18.8,65.9,78.5,367.6,10,14.1,1000,0.9,2.6,14.2,20.6,166.6,442,1370,2330,7257,20294,885,21179,0.4,0.2,0.2,0.3,0.5,0.5,0.6
W06000014,VALE OF GLAMORGAN,55,71.1,1000,5.6,18.6,78.6,88.9,378,10,12.1,180,0.9,2.5,14.3,15.2,41.4,380,1311,2450,7311,35688,1261,36949,0.4,0.2,0.1,0.3,0.5,0.5,0.6
E07000180,VALE OF WHITE HORSE,54.8,77.9,10000,5.5,19.2,76,96.5,437,10,22.3,10000,0.9,2.9,15.6,28.1,235.1,353,1250,2153,7691,36746,2215,38961,0.4,0.2,0.2,0.3,0.5,0.5,0.6
E08000036,WAKEFIELD,40,61.4,1000,5.7,18.9,71.3,81.4,387.6,10,10.8,220,0.9,2.9,13.5,14.4,40.7,1047,4381,7912,23484,84205,2786,86991,0.4,0.2,0.1,0.3,0.5,0.5,0.6
E08000030,WALSALL,61.3,80.1,1124,6.1,18.1,85,100.2,394.1,10,11.7,220,1,2.5,13.6,14.7,35.1,431,2000,5309,13123,65465,3389,68854,0.4,0.4,0.1,0.3,0.5,0.6,0.7
E09000031,WALTHAM FOREST,76.1,90.3,1000,6.8,16.8,97.6,115.7,368,10,12.8,180,0.9,1.8,14,16.5,51.4,333,1289,5939,13681,60061,4320,64381,0.4,0.4,0.2,0.3,0.5,0.5,0.6
E09000032,WANDSWORTH,61.9,71,1000,6.3,17.2,79.4,88.8,361.6,10,12.6,180,0.9,1.8,15.2,16,39.2,445,1928,5626,17987,80399,2764,83163,0.4,0.4,0.1,0.2,0.5,0.5,0.5
E06000007,WARRINGTON,61.7,82.1,1124,5.7,18.8,84.5,100.4,413.3,10,12.2,220,0.9,2.8,13.8,14.8,35.6,524,1690,3435,10902,58372,2969,61341,0.4,0.2,0.1,0.3,0.5,0.5,0.6
E07000222,WARWICK,64.4,79.5,1124,5.3,18.7,83.4,95.7,387.7,10,12.5,115,0.9,2.8,14.2,15.1,36.1,419,1543,2150,6438,41189,1736,42925,0.4,0.2,0.1,0.2,0.4,0.5,0.6
E07000103,WATFORD,77.8,93.2,484,6.3,17.9,93.8,109.8,378.6,10,13.2,50,1,2.5,14.4,15.5,34.3,118,508,1638,3615,26691,1597,28288,0.4,0.4,0.2,0.3,0.5,0.5,0.6
E07000216,WAVERLEY,40,50.9,1000,5.6,19.4,61.5,66,371.2,10,10.9,180,1,3.2,13.9,14.4,51.8,377,1351,2384,9456,31737,463,32200,0.4,0.2,0.1,0.3,0.5,0.5,0.7
E07000065,WEALDEN,39.9,45,2480.86,5.8,19,57.1,59.8,380.6,10,10.4,180,1,2.8,14,14.4,59.8,489,1580,3311,13765,37840,324,38164,0.4,0.2,0.1,0.2,0.5,0.5,0.8
E07000156,WELLINGBOROUGH,54.8,73.4,1000,5.2,18.6,79.9,92.5,370.9,10,12.7,1000,0.9,2.5,14.1,16.2,62.7,354,745,1163,4849,21139,956,22095,0.4,0.2,0.1,0.3,0.4,0.4,0.2
E07000241,WELWYN HATFIELD,69,87.5,1000,5.7,18.7,90.5,107.2,379.1,10,12.7,115,0.9,2.9,14.3,15.5,35.7,250,1056,2055,5213,30165,1859,32024,0.4,0.2,0.1,0.3,0.4,0.4,0.6
E06000037,WEST BERKSHIRE,50,79,1124,5.6,18.7,75.9,105.4,393.5,10,29.7,1000,0.9,2.5,17.8,41,267.9,587,1842,3228,11319,37815,3870,41685,0.4,0.2,0.2,0.4,0.5,0.5,0.6
E07000047,WEST DEVON,35.7,36.9,1000,5.2,18.6,55.8,56.5,388.3,7.2,8.3,220,0.8,2.4,13.7,13.8,55.9,446,1411,1898,5172,10856,23,10879,0.4,0.2,0.1,0.3,0.4,0.4,0.7
S12000039,WEST DUNBARTONSHIRE,107,105.3,1000,6.4,17.3,106,126,382.5,10,12.8,115,0.9,2,13.9,15.3,34.4,125,544,1704,4268,27400,2129,29529,0.4,0.2,0.1,0.2,0.5,0.5,0.6
E07000127,WEST LANCASHIRE,40,48.3,1000,5.6,18.7,59.3,64.7,383.3,10,10.3,220,0.9,2.5,13.8,14.3,42.9,387,1454,2529,8730,26593,447,27040,0.4,0.2,0.2,0.3,0.6,0.6,0.7
E07000142,WEST LINDSEY,40,53.8,1000,5.1,19,65.9,72.6,396.6,10,10.3,115,0.9,2.8,13.7,14.2,35.7,586,1439,1940,6769,22329,460,22789,0.4,0.2,0.1,0.2,0.4,0.4,0.5
S12000040,WEST LOTHIAN,51.6,73.5,1124,5.9,18.8,79.9,96,386.2,10,11.4,115,1,2.5,13.8,15,35.6,428,1722,3603,13563,47502,2644,50146,0.4,0.2,0.1,0.3,0.5,0.5,0.6
E07000181,WEST OXFORDSHIRE,47.8,68.7,1000,5.7,19.1,69,89.3,382.1,10,23.4,1000,1,2.8,15.6,31.5,259.5,377,1201,2341,7712,28429,1979,30408,0.4,0.2,0.2,0.3,0.4,0.5,0.6
E07000245,WEST SUFFOLK,40,49.9,1000,5.5,19.3,61.2,63.9,376.7,10,10.7,300,1,2.9,13.8,14.1,44.4,570,1851,3153,13445,46543,405,46948,0.4,0.2,0.2,0.3,0.4,0.4,0.7
E09000033,WESTMINSTER,39.9,45.3,1000,6.6,18,65.3,67.7,356.6,10,9.8,115,0.9,1.4,16,16.2,41.9,501,1283,5612,30414,49192,422,49614,0.4,0.2,0.1,0.1,0.4,0.4,0.4
E08000010,WIGAN,67.8,88.6,1124,6,18.6,93,109.8,386.1,10,12,115,0.9,2.6,13.6,14.8,34.9,586,2491,5962,17016,86082,5246,91328,0.4,0.2,0.2,0.4,0.5,0.5,0.6
E06000054,WILTSHIRE,44.9,62.8,1000,5.7,18.9,70.9,82.8,371.8,10,12.7,1000,1,2.7,13.9,17,93.4,1586,4972,10036,37226,123828,5125,128953,0.4,0.2,0.2,0.3,0.5,0.5,0.6
E07000094,WINCHESTER,44.2,64.5,1000,5.2,19.1,73.7,86.6,368.1,10,12.2,220,0.9,2.8,13.7,16.6,79.1,584,1771,2525,8618,29544,1356,30900,0.4,0.2,0.1,0.3,0.4,0.4,0.6
E06000040,WINDSOR AND MAIDENHEAD,46.1,64.6,1000,5.5,19.1,73.3,84.8,374.4,10,11.4,1000,0.9,3.1,14.1,15,39.2,467,1867,3121,10139,37199,1482,38681,0.4,0.2,0.1,0.3,0.5,0.5,0.7
E08000015,WIRRAL,49.8,71.8,1000,6.3,18.2,79.4,93.9,386.4,10,11.1,165,1,2.5,13.5,14.6,35.7,535,2254,6506,23640,80976,4026,85002,0.4,0.2,0.1,0.3,0.5,0.5,0.6
E07000217,WOKING,72.7,91.2,1000,6.1,18.6,92.4,109.7,374.5,10,12.9,115,0.9,2.9,14.2,15.5,34.8,169,675,1713,4612,27961,1835,29796,0.4,0.4,0.1,0.3,0.5,0.5,0.6
E06000041,WOKINGHAM,55,80.3,1124,5.8,18.6,82.6,100.2,412.6,10,13.6,1000,1,2.6,14.2,17,66.4,352,1424,2655,9898,44836,2526,47362,0.4,0.4,0.2,0.4,0.5,0.5,0.6
E08000031,WOLVERHAMPTON,71.6,89,1124,6.4,18,94,110.5,380.7,10,11.7,115,1,2.5,13.3,14.5,34.5,341,1413,4549,12511,61655,3770,65425,0.4,0.4,0.1,0.3,0.5,0.5,0.7
E07000237,WORCESTER,41.7,49.6,1000,5.5,19.2,58.3,61,357.2,10,12.5,180,0.9,3.3,14.3,15.6,158.5,312,1476,2289,4479,27401,248,27649,0.4,0.4,0.2,0.4,0.5,0.5,0.2
E07000229,WORTHING,67.3,92.1,1000,6.6,17.9,92.4,112.2,373.2,10,14.7,180,1.1,2.4,13.8,18,73.4,111,490,1834,6146,30815,2337,33152,0.4,0.2,0.1,0.2,0.4,0.4,0.6
W06000006,WREXHAM,40,52.7,2363.9,5.6,19,61.6,70.2,400.8,10,10.8,165,0.9,3,14,14.6,38.1,547,1883,3214,8801,31341,816,32157,0.4,0.2,0.1,0.3,0.6,0.6,0.6
E07000238,WYCHAVON,40,47.4,1124,5.4,18.9,59.4,61.6,379.3,10,10.7,300,1,2.9,14.1,14.3,49.9,515,1760,2627,9278,32774,230,33004,0.4,0.2,0.1,0.3,0.5,0.5,0.8
E07000128,WYRE,39.5,43.4,1000,5.8,18.7,54.7,59.5,643.5,9.8,11.8,1000,1,2.5,13.7,17.3,453.1,251,1276,2480,10578,25302,205,25507,0.4,0.2,0.2,0.3,0.5,0.5,0.6
E07000239,WYRE FOREST,49.2,66.8,1124,5.7,18.3,75.7,86.6,394.2,10,11.2,115,1,2.8,13.8,14.5,34.9,293,1252,2407,5762,25420,900,26320,0.4,0.2,0.1,0.3,0.5,0.5,0.6
E06000014,YORK,53.3,147.1,1000,5.9,18.4,77.8,201.8,793.3,10,98.1,900,0.9,2.3,13.9,137.6,727.6,554,2123,4515,13589,41763,8757,50520,0.4,0.2,0.2,0.3,0.4,0.4,0.5
